unicode_emote,text
ğŸ¥‡, firstplacemedal 
ğŸ¥ˆ, secondplacemedal 
ğŸ¥‰, thirdplacemedal 
ğŸ†, abbuttonbloodtype 
ğŸ§, atmsign 
ğŸ…°, abuttonbloodtype 
ğŸ‡¦ ğŸ‡«, afghanistan 
ğŸ‡¦ ğŸ‡±, albania 
ğŸ‡© ğŸ‡¿, algeria 
ğŸ‡¦ ğŸ‡¸, americansamoa 
ğŸ‡¦ ğŸ‡©, andorra 
ğŸ‡¦ ğŸ‡´, angola 
ğŸ‡¦ ğŸ‡®, anguilla 
ğŸ‡¦ ğŸ‡¶, antarctica 
ğŸ‡¦ ğŸ‡¬, antiguabarbuda 
â™’, aquarius 
ğŸ‡¦ ğŸ‡·, argentina 
â™ˆ, aries 
ğŸ‡¦ ğŸ‡², armenia 
ğŸ‡¦ ğŸ‡¼, aruba 
ğŸ‡¦ ğŸ‡¨, ascensionisland 
ğŸ‡¦ ğŸ‡º, australia 
ğŸ‡¦ ğŸ‡¹, austria 
ğŸ‡¦ ğŸ‡¿, azerbaijan 
ğŸ”™, backarrow 
ğŸ…±, bbuttonbloodtype 
ğŸ‡§ ğŸ‡¸, bahamas 
ğŸ‡§ ğŸ‡­, bahrain 
ğŸ‡§ ğŸ‡©, bangladesh 
ğŸ‡§ ğŸ‡§, barbados 
ğŸ‡§ ğŸ‡¾, belarus 
ğŸ‡§ ğŸ‡ª, belgium 
ğŸ‡§ ğŸ‡¿, belize 
ğŸ‡§ ğŸ‡¯, benin 
ğŸ‡§ ğŸ‡², bermuda 
ğŸ‡§ ğŸ‡¹, bhutan 
ğŸ‡§ ğŸ‡´, bolivia 
ğŸ‡§ ğŸ‡¦, bosniaherzegovina 
ğŸ‡§ ğŸ‡¼, botswana 
ğŸ‡§ ğŸ‡», bouvetisland 
ğŸ‡§ ğŸ‡·, brazil 
ğŸ‡® ğŸ‡´, britishindianoceanterritory 
ğŸ‡» ğŸ‡¬, britishvirginislands 
ğŸ‡§ ğŸ‡³, brunei 
ğŸ‡§ ğŸ‡¬, bulgaria 
ğŸ‡§ ğŸ‡«, burkinafaso 
ğŸ‡§ ğŸ‡®, burundi 
ğŸ†‘, clbutton 
ğŸ†’, coolbutton 
ğŸ‡° ğŸ‡­, cambodia 
ğŸ‡¨ ğŸ‡², cameroon 
ğŸ‡¨ ğŸ‡¦, canada 
ğŸ‡® ğŸ‡¨, canaryislands 
â™‹, cancer 
ğŸ‡¨ ğŸ‡», capeverde 
â™‘, capricorn 
ğŸ‡§ ğŸ‡¶, caribbeannetherlands 
ğŸ‡° ğŸ‡¾, caymanislands 
ğŸ‡¨ ğŸ‡«, centralafricanrepublic 
ğŸ‡ª ğŸ‡¦, ceutamelilla 
ğŸ‡¹ ğŸ‡©, chad 
ğŸ‡¨ ğŸ‡±, chile 
ğŸ‡¨ ğŸ‡³, china 
ğŸ‡¨ ğŸ‡½, christmasisland 
ğŸ„, christmastree 
ğŸ‡¨ ğŸ‡µ, clippertonisland 
ğŸ‡¨ ğŸ‡¨, cocoskeelingislands 
ğŸ‡¨ ğŸ‡´, colombia 
ğŸ‡° ğŸ‡², comoros 
ğŸ‡¨ ğŸ‡¬, congobrazzaville 
ğŸ‡¨ ğŸ‡©, congokinshasa 
ğŸ‡¨ ğŸ‡°, cookislands 
ğŸ‡¨ ğŸ‡·, costarica 
ğŸ‡­ ğŸ‡·, croatia 
ğŸ‡¨ ğŸ‡º, cuba 
ğŸ‡¨ ğŸ‡¼, curacao 
ğŸ‡¨ ğŸ‡¾, cyprus 
ğŸ‡¨ ğŸ‡¿, czech republic 
ğŸ‡¨ ğŸ‡®, cote divoire 
ğŸ‡© ğŸ‡°, denmark 
ğŸ‡© ğŸ‡¬, diegogarcia 
ğŸ‡© ğŸ‡¯, djibouti 
ğŸ‡© ğŸ‡², dominica 
ğŸ‡© ğŸ‡´, dominicanrepublic 
ğŸ”š, endarrow 
ğŸ‡ª ğŸ‡¨, ecuador 
ğŸ‡ª ğŸ‡¬, egypt 
ğŸ‡¸ ğŸ‡», elsalvador 
ğŸ‡¬ ğŸ‡¶, equatorialguinea 
ğŸ‡ª ğŸ‡·, eritrea 
ğŸ‡ª ğŸ‡ª, estonia 
ğŸ‡ª ğŸ‡¹, ethiopia 
ğŸ‡ª ğŸ‡º, europeanunion 
ğŸ†“, freebutton 
ğŸ‡« ğŸ‡°, falklandislands 
ğŸ‡« ğŸ‡´, faroeislands 
ğŸ‡« ğŸ‡¯, fiji 
ğŸ‡« ğŸ‡®, finland 
ğŸ‡« ğŸ‡·, france 
ğŸ‡¬ ğŸ‡«, frenchguiana 
ğŸ‡µ ğŸ‡«, frenchpolynesia 
ğŸ‡¹ ğŸ‡«, frenchsouthernterritories 
ğŸ‡¬ ğŸ‡¦, gabon 
ğŸ‡¬ ğŸ‡², gambia 
â™Š, gemini 
ğŸ‡¬ ğŸ‡ª, georgia 
ğŸ‡© ğŸ‡ª, germany 
ğŸ‡¬ ğŸ‡­, ghana 
ğŸ‡¬ ğŸ‡®, gibraltar 
ğŸ‡¬ ğŸ‡·, greece 
ğŸ‡¬ ğŸ‡±, greenland 
ğŸ‡¬ ğŸ‡©, grenada 
ğŸ‡¬ ğŸ‡µ, guadeloupe 
ğŸ‡¬ ğŸ‡º, guam 
ğŸ‡¬ ğŸ‡¹, guatemala 
ğŸ‡¬ ğŸ‡¬, guernsey 
ğŸ‡¬ ğŸ‡³, guinea 
ğŸ‡¬ ğŸ‡¼, guineabissau 
ğŸ‡¬ ğŸ‡¾, guyana 
ğŸ‡­ ğŸ‡¹, haiti 
ğŸ‡­ ğŸ‡², heardmcdonaldislands 
ğŸ‡­ ğŸ‡³, honduras 
ğŸ‡­ ğŸ‡°, hongkongsarchina 
ğŸ‡­ ğŸ‡º, hungary 
ğŸ†”, idbutton 
ğŸ‡® ğŸ‡¸, iceland 
ğŸ‡® ğŸ‡³, india 
ğŸ‡® ğŸ‡©, indonesia 
ğŸ‡® ğŸ‡·, iran 
ğŸ‡® ğŸ‡¶, iraq 
ğŸ‡® ğŸ‡ª, ireland 
ğŸ‡® ğŸ‡², isleofman 
ğŸ‡® ğŸ‡±, israel 
ğŸ‡® ğŸ‡¹, italy 
ğŸ‡¯ ğŸ‡², jamaica 
ğŸ‡¯ ğŸ‡µ, japan 
ğŸ‰‘, japaneseacceptablebutton 
ğŸˆ¸, japaneseapplicationbutton 
ğŸ‰, japanesebargainbutton 
ğŸ¯, japanesecastle 
ãŠ—, japanesecongratulationsbutton 
ğŸˆ¹, japanesediscountbutton 
ğŸ, japanesedolls 
ğŸˆš, japanesefreeofchargebutton 
ğŸˆ, japaneseherebutton 
ğŸˆ·, japanesemonthlyamountbutton 
ğŸˆµ, japanesenovacancybutton 
ğŸˆ¶, japanesenotfreeofchargebutton 
ğŸˆº, japaneseopenforbusinessbutton 
ğŸˆ´, japanesepassinggradebutton 
ğŸ£, japanesepostoffice 
ğŸˆ², japaneseprohibitedbutton 
ğŸˆ¯, japanesereservedbutton 
ãŠ™, japanesesecretbutton 
ğŸˆ‚, japaneseservicechargebutton 
ğŸ”°, japanesesymbolforbeginner 
ğŸˆ³, japanesevacancybutton 
ğŸ‡¯ ğŸ‡ª, jersey 
ğŸ‡¯ ğŸ‡´, jordan 
ğŸ‡° ğŸ‡¿, kazakhstan 
ğŸ‡° ğŸ‡ª, kenya 
ğŸ‡° ğŸ‡®, kiribati 
ğŸ‡½ ğŸ‡°, kosovo 
ğŸ‡° ğŸ‡¼, kuwait 
ğŸ‡° ğŸ‡¬, kyrgyzstan 
ğŸ‡± ğŸ‡¦, laos 
ğŸ‡± ğŸ‡», latvia 
ğŸ‡± ğŸ‡§, lebanon 
â™Œ, leo 
ğŸ‡± ğŸ‡¸, lesotho 
ğŸ‡± ğŸ‡·, liberia 
â™, libra 
ğŸ‡± ğŸ‡¾, libya 
ğŸ‡± ğŸ‡®, liechtenstein 
ğŸ‡± ğŸ‡¹, lithuania 
ğŸ‡± ğŸ‡º, luxembourg 
ğŸ‡² ğŸ‡´, macausarchina 
ğŸ‡² ğŸ‡°, macedonia 
ğŸ‡² ğŸ‡¬, madagascar 
ğŸ‡² ğŸ‡¼, malawi 
ğŸ‡² ğŸ‡¾, malaysia 
ğŸ‡² ğŸ‡», maldives 
ğŸ‡² ğŸ‡±, mali 
ğŸ‡² ğŸ‡¹, malta 
ğŸ‡² ğŸ‡­, marshallislands 
ğŸ‡² ğŸ‡¶, martinique 
ğŸ‡² ğŸ‡·, mauritania 
ğŸ‡² ğŸ‡º, mauritius 
ğŸ‡¾ ğŸ‡¹, mayotte 
ğŸ‡² ğŸ‡½, mexico 
ğŸ‡« ğŸ‡², micronesia 
ğŸ‡² ğŸ‡©, moldova 
ğŸ‡² ğŸ‡¨, monaco 
ğŸ‡² ğŸ‡³, mongolia 
ğŸ‡² ğŸ‡ª, montenegro 
ğŸ‡² ğŸ‡¸, montserrat 
ğŸ‡² ğŸ‡¦, morocco 
ğŸ‡² ğŸ‡¿, mozambique 
ğŸ¤¶ ğŸ¿, mrs.clausdarkskintone 
ğŸ¤¶ ğŸ», mrs.clauslightskintone 
ğŸ¤¶ ğŸ¾, mrs.clausmediumdarkskintone 
ğŸ¤¶ ğŸ¼, mrs.clausmediumlightskintone 
ğŸ¤¶ ğŸ½, mrs.clausmediumskintone 
ğŸ¤¶, mrs.claus 
ğŸ‡² ğŸ‡², myanmarburma 
ğŸ†•, newbutton 
ğŸ†–, ngbutton 
ğŸ‡³ ğŸ‡¦, namibia 
ğŸ‡³ ğŸ‡·, nauru 
ğŸ‡³ ğŸ‡µ, nepal 
ğŸ‡³ ğŸ‡±, netherlands 
ğŸ‡³ ğŸ‡¨, newcaledonia 
ğŸ‡³ ğŸ‡¿, newzealand 
ğŸ‡³ ğŸ‡®, nicaragua 
ğŸ‡³ ğŸ‡ª, niger 
ğŸ‡³ ğŸ‡¬, nigeria 
ğŸ‡³ ğŸ‡º, niue 
ğŸ‡³ ğŸ‡«, norfolkisland 
ğŸ‡° ğŸ‡µ, northkorea 
ğŸ‡² ğŸ‡µ, northernmarianaislands 
ğŸ‡³ ğŸ‡´, norway 
ğŸ‘Œ ğŸ¿, okhanddarkskintone 
ğŸ‘Œ ğŸ», okhandlightskintone 
ğŸ‘Œ ğŸ¾, okhandmediumdarkskintone 
ğŸ‘Œ ğŸ¼, okhandmediumlightskintone 
ğŸ‘Œ ğŸ½, okhandmediumskintone 
ğŸ†—, okbutton 
ğŸ‘Œ, okhand 
ğŸ”›, on!arrow 
ğŸ…¾, obuttonbloodtype 
ğŸ‡´ ğŸ‡², oman 
â›, ophiuchus 
ğŸ…¿, pbutton 
ğŸ‡µ ğŸ‡°, pakistan 
ğŸ‡µ ğŸ‡¼, palau 
ğŸ‡µ ğŸ‡¸, palestinianterritories 
ğŸ‡µ ğŸ‡¦, panama 
ğŸ‡µ ğŸ‡¬, papuanewguinea 
ğŸ‡µ ğŸ‡¾, paraguay 
ğŸ‡µ ğŸ‡ª, peru 
ğŸ‡µ ğŸ‡­, philippines 
â™“, pisces 
ğŸ‡µ ğŸ‡³, pitcairnislands 
ğŸ‡µ ğŸ‡±, poland 
ğŸ‡µ ğŸ‡¹, portugal 
ğŸ‡µ ğŸ‡·, puertorico 
ğŸ‡¶ ğŸ‡¦, qatar 
ğŸ‡· ğŸ‡´, romania 
ğŸ‡· ğŸ‡º, russia 
ğŸ‡· ğŸ‡¼, rwanda 
ğŸ‡· ğŸ‡ª, reunion 
ğŸ”œ, soonarrow 
ğŸ†˜, sosbutton 
â™, sagittarius 
ğŸ‡¼ ğŸ‡¸, samoa 
ğŸ‡¸ ğŸ‡², sanmarino 
ğŸ… ğŸ¿, santaclausdarkskintone 
ğŸ… ğŸ», santaclauslightskintone 
ğŸ… ğŸ¾, santaclausmediumdarkskintone 
ğŸ… ğŸ¼, santaclausmediumlightskintone 
ğŸ… ğŸ½, santaclausmediumskintone 
ğŸ…, santaclaus 
ğŸ‡¸ ğŸ‡¦, saudiarabia 
â™, scorpius 
ğŸ‡¸ ğŸ‡³, senegal 
ğŸ‡· ğŸ‡¸, serbia 
ğŸ‡¸ ğŸ‡¨, seychelles 
ğŸ‡¸ ğŸ‡±, sierraleone 
ğŸ‡¸ ğŸ‡¬, singapore 
ğŸ‡¸ ğŸ‡½, sintmaarten 
ğŸ‡¸ ğŸ‡°, slovakia 
ğŸ‡¸ ğŸ‡®, slovenia 
ğŸ‡¸ ğŸ‡§, solomonislands 
ğŸ‡¸ ğŸ‡´, somalia 
ğŸ‡¿ ğŸ‡¦, southafrica 
ğŸ‡¬ ğŸ‡¸, southgeorgiasouthsandwichislands 
ğŸ‡° ğŸ‡·, southkorea 
ğŸ‡¸ ğŸ‡¸, southsudan 
ğŸ‡ª ğŸ‡¸, spain 
ğŸ‡± ğŸ‡°, srilanka 
ğŸ‡§ ğŸ‡±, st.barthelemy 
ğŸ‡¸ ğŸ‡­, st.helena 
ğŸ‡° ğŸ‡³, st.kittsnevis 
ğŸ‡± ğŸ‡¨, st.lucia 
ğŸ‡² ğŸ‡«, st.martin 
ğŸ‡µ ğŸ‡², st.pierremiquelon 
ğŸ‡» ğŸ‡¨, st.vincentgrenadines 
ğŸ—½, statueofliberty 
ğŸ‡¸ ğŸ‡©, sudan 
ğŸ‡¸ ğŸ‡·, suriname 
ğŸ‡¸ ğŸ‡¯, svalbardjanmayen 
ğŸ‡¸ ğŸ‡¿, swaziland 
ğŸ‡¸ ğŸ‡ª, sweden 
ğŸ‡¨ ğŸ‡­, switzerland 
ğŸ‡¸ ğŸ‡¾, syria 
ğŸ‡¸ ğŸ‡¹, saotomeprincipe 
ğŸ”, toparrow 
ğŸ‡¹ ğŸ‡¼, taiwan 
ğŸ‡¹ ğŸ‡¯, tajikistan 
ğŸ‡¹ ğŸ‡¿, tanzania 
â™‰, taurus 
ğŸ‡¹ ğŸ‡­, thailand 
ğŸ‡¹ ğŸ‡±, timorleste 
ğŸ‡¹ ğŸ‡¬, togo 
ğŸ‡¹ ğŸ‡°, tokelau 
ğŸ—¼, tokyotower 
ğŸ‡¹ ğŸ‡´, tonga 
ğŸ‡¹ ğŸ‡¹, trinidadtobago 
ğŸ‡¹ ğŸ‡¦, tristandacunha 
ğŸ‡¹ ğŸ‡³, tunisia 
ğŸ‡¹ ğŸ‡·, turkey 
ğŸ‡¹ ğŸ‡², turkmenistan 
ğŸ‡¹ ğŸ‡¨, turkscaicosislands 
ğŸ‡¹ ğŸ‡», tuvalu 
ğŸ‡º ğŸ‡², u.s.outlyingislands 
ğŸ‡» ğŸ‡®, u.s.virginislands 
ğŸ†™, up!button 
ğŸ‡º ğŸ‡¬, uganda 
ğŸ‡º ğŸ‡¦, ukraine 
ğŸ‡¦ ğŸ‡ª, unitedarabemirates 
ğŸ‡¬ ğŸ‡§, unitedkingdom 
ğŸ‡º ğŸ‡³, unitednations 
ğŸ‡º ğŸ‡¸, unitedstates 
ğŸ‡º ğŸ‡¾, uruguay 
ğŸ‡º ğŸ‡¿, uzbekistan 
ğŸ†š, vsbutton 
ğŸ‡» ğŸ‡º, vanuatu 
ğŸ‡» ğŸ‡¦, vaticancity 
ğŸ‡» ğŸ‡ª, venezuela 
ğŸ‡» ğŸ‡³, vietnam 
â™, virgo 
ğŸ‡¼ ğŸ‡«, wallisfutuna 
ğŸ‡ª ğŸ‡­, westernsahara 
ğŸ‡¾ ğŸ‡ª, yemen 
ğŸ‡¿ ğŸ‡², zambia 
ğŸ‡¿ ğŸ‡¼, zimbabwe 
ğŸ‘¨ ğŸ¿ â€ ğŸ¨, manartistdarkskintone 
ğŸ‘¨ ğŸ» â€ ğŸ¨, manartistlightskintone 
ğŸ‘¨ ğŸ¾ â€ ğŸ¨, manartistmediumdarkskintone 
ğŸ‘¨ ğŸ¼ â€ ğŸ¨, manartistmediumlightskintone 
ğŸ‘¨ ğŸ½ â€ ğŸ¨, manartistmediumskintone 
ğŸ‘¨ ğŸ¿ â€ ğŸš€, manastronautdarkskintone 
ğŸ‘¨ ğŸ» â€ ğŸš€, manastronautlightskintone 
ğŸ‘¨ ğŸ¾ â€ ğŸš€, manastronautmediumdarkskintone 
ğŸ‘¨ ğŸ¼ â€ ğŸš€, manastronautmediumlightskintone 
ğŸ‘¨ ğŸ½ â€ ğŸš€, manastronautmediumskintone 
ğŸš´ ğŸ¿ â€ â™‚ ï¸, manbikingdarkskintone 
ğŸš´ ğŸ» â€ â™‚ ï¸, manbikinglightskintone 
ğŸš´ ğŸ¾ â€ â™‚ ï¸, manbikingmediumdarkskintone 
ğŸš´ ğŸ¼ â€ â™‚ ï¸, manbikingmediumlightskintone 
ğŸš´ ğŸ½ â€ â™‚ ï¸, manbikingmediumskintone 
â›¹ ğŸ¿ â€ â™‚ ï¸, manbouncingballdarkskintone 
â›¹ ğŸ» â€ â™‚ ï¸, manbouncingballlightskintone 
â›¹ ğŸ¾ â€ â™‚ ï¸, manbouncingballmediumdarkskintone 
â›¹ ğŸ¼ â€ â™‚ ï¸, manbouncingballmediumlightskintone 
â›¹ ğŸ½ â€ â™‚ ï¸, manbouncingballmediumskintone 
ğŸ™‡ ğŸ¿ â€ â™‚ ï¸, manbowingdarkskintone 
ğŸ™‡ ğŸ» â€ â™‚ ï¸, manbowinglightskintone 
ğŸ™‡ ğŸ¾ â€ â™‚ ï¸, manbowingmediumdarkskintone 
ğŸ™‡ ğŸ¼ â€ â™‚ ï¸, manbowingmediumlightskintone 
ğŸ™‡ ğŸ½ â€ â™‚ ï¸, manbowingmediumskintone 
ğŸ¤¸ ğŸ¿ â€ â™‚ ï¸, mancartwheelingdarkskintone 
ğŸ¤¸ ğŸ» â€ â™‚ ï¸, mancartwheelinglightskintone 
ğŸ¤¸ ğŸ¾ â€ â™‚ ï¸, mancartwheelingmediumdarkskintone 
ğŸ¤¸ ğŸ¼ â€ â™‚ ï¸, mancartwheelingmediumlightskintone 
ğŸ¤¸ ğŸ½ â€ â™‚ ï¸, mancartwheelingmediumskintone 
ğŸ‘· ğŸ¿ â€ â™‚ ï¸, manconstructionworkerdarkskintone 
ğŸ‘· ğŸ» â€ â™‚ ï¸, manconstructionworkerlightskintone 
ğŸ‘· ğŸ¾ â€ â™‚ ï¸, manconstructionworkermediumdarkskintone 
ğŸ‘· ğŸ¼ â€ â™‚ ï¸, manconstructionworkermediumlightskintone 
ğŸ‘· ğŸ½ â€ â™‚ ï¸, manconstructionworkermediumskintone 
ğŸ‘¨ ğŸ¿ â€ ğŸ³, mancookdarkskintone 
ğŸ‘¨ ğŸ» â€ ğŸ³, mancooklightskintone 
ğŸ‘¨ ğŸ¾ â€ ğŸ³, mancookmediumdarkskintone 
ğŸ‘¨ ğŸ¼ â€ ğŸ³, mancookmediumlightskintone 
ğŸ‘¨ ğŸ½ â€ ğŸ³, mancookmediumskintone 
ğŸ•º ğŸ¿, mandancingdarkskintone 
ğŸ•º ğŸ», mandancinglightskintone 
ğŸ•º ğŸ¾, mandancingmediumdarkskintone 
ğŸ•º ğŸ¼, mandancingmediumlightskintone 
ğŸ•º ğŸ½, mandancingmediumskintone 
ğŸ•µ ğŸ¿ â€ â™‚ ï¸, mandetectivedarkskintone 
ğŸ•µ ğŸ» â€ â™‚ ï¸, mandetectivelightskintone 
ğŸ•µ ğŸ¾ â€ â™‚ ï¸, mandetectivemediumdarkskintone 
ğŸ•µ ğŸ¼ â€ â™‚ ï¸, mandetectivemediumlightskintone 
ğŸ•µ ğŸ½ â€ â™‚ ï¸, mandetectivemediumskintone 
ğŸ¤¦ ğŸ¿ â€ â™‚ ï¸, manfacepalmingdarkskintone 
ğŸ¤¦ ğŸ» â€ â™‚ ï¸, manfacepalminglightskintone 
ğŸ¤¦ ğŸ¾ â€ â™‚ ï¸, manfacepalmingmediumdarkskintone 
ğŸ¤¦ ğŸ¼ â€ â™‚ ï¸, manfacepalmingmediumlightskintone 
ğŸ¤¦ ğŸ½ â€ â™‚ ï¸, manfacepalmingmediumskintone 
ğŸ‘¨ ğŸ¿ â€ ğŸ­, manfactoryworkerdarkskintone 
ğŸ‘¨ ğŸ» â€ ğŸ­, manfactoryworkerlightskintone 
ğŸ‘¨ ğŸ¾ â€ ğŸ­, manfactoryworkermediumdarkskintone 
ğŸ‘¨ ğŸ¼ â€ ğŸ­, manfactoryworkermediumlightskintone 
ğŸ‘¨ ğŸ½ â€ ğŸ­, manfactoryworkermediumskintone 
ğŸ‘¨ ğŸ¿ â€ ğŸŒ¾, manfarmerdarkskintone 
ğŸ‘¨ ğŸ» â€ ğŸŒ¾, manfarmerlightskintone 
ğŸ‘¨ ğŸ¾ â€ ğŸŒ¾, manfarmermediumdarkskintone 
ğŸ‘¨ ğŸ¼ â€ ğŸŒ¾, manfarmermediumlightskintone 
ğŸ‘¨ ğŸ½ â€ ğŸŒ¾, manfarmermediumskintone 
ğŸ‘¨ ğŸ¿ â€ ğŸš’, manfirefighterdarkskintone 
ğŸ‘¨ ğŸ» â€ ğŸš’, manfirefighterlightskintone 
ğŸ‘¨ ğŸ¾ â€ ğŸš’, manfirefightermediumdarkskintone 
ğŸ‘¨ ğŸ¼ â€ ğŸš’, manfirefightermediumlightskintone 
ğŸ‘¨ ğŸ½ â€ ğŸš’, manfirefightermediumskintone 
ğŸ™ ğŸ¿ â€ â™‚ ï¸, manfrowningdarkskintone 
ğŸ™ ğŸ» â€ â™‚ ï¸, manfrowninglightskintone 
ğŸ™ ğŸ¾ â€ â™‚ ï¸, manfrowningmediumdarkskintone 
ğŸ™ ğŸ¼ â€ â™‚ ï¸, manfrowningmediumlightskintone 
ğŸ™ ğŸ½ â€ â™‚ ï¸, manfrowningmediumskintone 
ğŸ™… ğŸ¿ â€ â™‚ ï¸, mangesturingnodarkskintone 
ğŸ™… ğŸ» â€ â™‚ ï¸, mangesturingnolightskintone 
ğŸ™… ğŸ¾ â€ â™‚ ï¸, mangesturingnomediumdarkskintone 
ğŸ™… ğŸ¼ â€ â™‚ ï¸, mangesturingnomediumlightskintone 
ğŸ™… ğŸ½ â€ â™‚ ï¸, mangesturingnomediumskintone 
ğŸ™† ğŸ¿ â€ â™‚ ï¸, mangesturingokdarkskintone 
ğŸ™† ğŸ» â€ â™‚ ï¸, mangesturingoklightskintone 
ğŸ™† ğŸ¾ â€ â™‚ ï¸, mangesturingokmediumdarkskintone 
ğŸ™† ğŸ¼ â€ â™‚ ï¸, mangesturingokmediumlightskintone 
ğŸ™† ğŸ½ â€ â™‚ ï¸, mangesturingokmediumskintone 
ğŸ’‡ ğŸ¿ â€ â™‚ ï¸, mangettinghaircutdarkskintone 
ğŸ’‡ ğŸ» â€ â™‚ ï¸, mangettinghaircutlightskintone 
ğŸ’‡ ğŸ¾ â€ â™‚ ï¸, mangettinghaircutmediumdarkskintone 
ğŸ’‡ ğŸ¼ â€ â™‚ ï¸, mangettinghaircutmediumlightskintone 
ğŸ’‡ ğŸ½ â€ â™‚ ï¸, mangettinghaircutmediumskintone 
ğŸ’† ğŸ¿ â€ â™‚ ï¸, mangettingmassagedarkskintone 
ğŸ’† ğŸ» â€ â™‚ ï¸, mangettingmassagelightskintone 
ğŸ’† ğŸ¾ â€ â™‚ ï¸, mangettingmassagemediumdarkskintone 
ğŸ’† ğŸ¼ â€ â™‚ ï¸, mangettingmassagemediumlightskintone 
ğŸ’† ğŸ½ â€ â™‚ ï¸, mangettingmassagemediumskintone 
ğŸŒ ğŸ¿ â€ â™‚ ï¸, mangolfingdarkskintone 
ğŸŒ ğŸ» â€ â™‚ ï¸, mangolfinglightskintone 
ğŸŒ ğŸ¾ â€ â™‚ ï¸, mangolfingmediumdarkskintone 
ğŸŒ ğŸ¼ â€ â™‚ ï¸, mangolfingmediumlightskintone 
ğŸŒ ğŸ½ â€ â™‚ ï¸, mangolfingmediumskintone 
ğŸ’‚ ğŸ¿ â€ â™‚ ï¸, manguarddarkskintone 
ğŸ’‚ ğŸ» â€ â™‚ ï¸, manguardlightskintone 
ğŸ’‚ ğŸ¾ â€ â™‚ ï¸, manguardmediumdarkskintone 
ğŸ’‚ ğŸ¼ â€ â™‚ ï¸, manguardmediumlightskintone 
ğŸ’‚ ğŸ½ â€ â™‚ ï¸, manguardmediumskintone 
ğŸ‘¨ ğŸ¿ â€ âš• ï¸, manhealthworkerdarkskintone 
ğŸ‘¨ ğŸ» â€ âš• ï¸, manhealthworkerlightskintone 
ğŸ‘¨ ğŸ¾ â€ âš• ï¸, manhealthworkermediumdarkskintone 
ğŸ‘¨ ğŸ¼ â€ âš• ï¸, manhealthworkermediumlightskintone 
ğŸ‘¨ ğŸ½ â€ âš• ï¸, manhealthworkermediumskintone 
ğŸ•´ ğŸ¿, maninbusinesssuitlevitatingdarkskintone 
ğŸ•´ ğŸ», maninbusinesssuitlevitatinglightskintone 
ğŸ•´ ğŸ¾, maninbusinesssuitlevitatingmediumdarkskintone 
ğŸ•´ ğŸ¼, maninbusinesssuitlevitatingmediumlightskintone 
ğŸ•´ ğŸ½, maninbusinesssuitlevitatingmediumskintone 
ğŸ¤µ ğŸ¿, manintuxedodarkskintone 
ğŸ¤µ ğŸ», manintuxedolightskintone 
ğŸ¤µ ğŸ¾, manintuxedomediumdarkskintone 
ğŸ¤µ ğŸ¼, manintuxedomediumlightskintone 
ğŸ¤µ ğŸ½, manintuxedomediumskintone 
ğŸ‘¨ ğŸ¿ â€ âš– ï¸, manjudgedarkskintone 
ğŸ‘¨ ğŸ» â€ âš– ï¸, manjudgelightskintone 
ğŸ‘¨ ğŸ¾ â€ âš– ï¸, manjudgemediumdarkskintone 
ğŸ‘¨ ğŸ¼ â€ âš– ï¸, manjudgemediumlightskintone 
ğŸ‘¨ ğŸ½ â€ âš– ï¸, manjudgemediumskintone 
ğŸ¤¹ ğŸ¿ â€ â™‚ ï¸, manjugglingdarkskintone 
ğŸ¤¹ ğŸ» â€ â™‚ ï¸, manjugglinglightskintone 
ğŸ¤¹ ğŸ¾ â€ â™‚ ï¸, manjugglingmediumdarkskintone 
ğŸ¤¹ ğŸ¼ â€ â™‚ ï¸, manjugglingmediumlightskintone 
ğŸ¤¹ ğŸ½ â€ â™‚ ï¸, manjugglingmediumskintone 
ğŸ‹ ğŸ¿ â€ â™‚ ï¸, manliftingweightsdarkskintone 
ğŸ‹ ğŸ» â€ â™‚ ï¸, manliftingweightslightskintone 
ğŸ‹ ğŸ¾ â€ â™‚ ï¸, manliftingweightsmediumdarkskintone 
ğŸ‹ ğŸ¼ â€ â™‚ ï¸, manliftingweightsmediumlightskintone 
ğŸ‹ ğŸ½ â€ â™‚ ï¸, manliftingweightsmediumskintone 
ğŸ‘¨ ğŸ¿ â€ ğŸ”§, manmechanicdarkskintone 
ğŸ‘¨ ğŸ» â€ ğŸ”§, manmechaniclightskintone 
ğŸ‘¨ ğŸ¾ â€ ğŸ”§, manmechanicmediumdarkskintone 
ğŸ‘¨ ğŸ¼ â€ ğŸ”§, manmechanicmediumlightskintone 
ğŸ‘¨ ğŸ½ â€ ğŸ”§, manmechanicmediumskintone 
ğŸšµ ğŸ¿ â€ â™‚ ï¸, manmountainbikingdarkskintone 
ğŸšµ ğŸ» â€ â™‚ ï¸, manmountainbikinglightskintone 
ğŸšµ ğŸ¾ â€ â™‚ ï¸, manmountainbikingmediumdarkskintone 
ğŸšµ ğŸ¼ â€ â™‚ ï¸, manmountainbikingmediumlightskintone 
ğŸšµ ğŸ½ â€ â™‚ ï¸, manmountainbikingmediumskintone 
ğŸ‘¨ ğŸ¿ â€ ğŸ’¼, manofficeworkerdarkskintone 
ğŸ‘¨ ğŸ» â€ ğŸ’¼, manofficeworkerlightskintone 
ğŸ‘¨ ğŸ¾ â€ ğŸ’¼, manofficeworkermediumdarkskintone 
ğŸ‘¨ ğŸ¼ â€ ğŸ’¼, manofficeworkermediumlightskintone 
ğŸ‘¨ ğŸ½ â€ ğŸ’¼, manofficeworkermediumskintone 
ğŸ‘¨ ğŸ¿ â€ âœˆ ï¸, manpilotdarkskintone 
ğŸ‘¨ ğŸ» â€ âœˆ ï¸, manpilotlightskintone 
ğŸ‘¨ ğŸ¾ â€ âœˆ ï¸, manpilotmediumdarkskintone 
ğŸ‘¨ ğŸ¼ â€ âœˆ ï¸, manpilotmediumlightskintone 
ğŸ‘¨ ğŸ½ â€ âœˆ ï¸, manpilotmediumskintone 
ğŸ¤¾ ğŸ¿ â€ â™‚ ï¸, manplayinghandballdarkskintone 
ğŸ¤¾ ğŸ» â€ â™‚ ï¸, manplayinghandballlightskintone 
ğŸ¤¾ ğŸ¾ â€ â™‚ ï¸, manplayinghandballmediumdarkskintone 
ğŸ¤¾ ğŸ¼ â€ â™‚ ï¸, manplayinghandballmediumlightskintone 
ğŸ¤¾ ğŸ½ â€ â™‚ ï¸, manplayinghandballmediumskintone 
ğŸ¤½ ğŸ¿ â€ â™‚ ï¸, manplayingwaterpolodarkskintone 
ğŸ¤½ ğŸ» â€ â™‚ ï¸, manplayingwaterpololightskintone 
ğŸ¤½ ğŸ¾ â€ â™‚ ï¸, manplayingwaterpolomediumdarkskintone 
ğŸ¤½ ğŸ¼ â€ â™‚ ï¸, manplayingwaterpolomediumlightskintone 
ğŸ¤½ ğŸ½ â€ â™‚ ï¸, manplayingwaterpolomediumskintone 
ğŸ‘® ğŸ¿ â€ â™‚ ï¸, manpoliceofficerdarkskintone 
ğŸ‘® ğŸ» â€ â™‚ ï¸, manpoliceofficerlightskintone 
ğŸ‘® ğŸ¾ â€ â™‚ ï¸, manpoliceofficermediumdarkskintone 
ğŸ‘® ğŸ¼ â€ â™‚ ï¸, manpoliceofficermediumlightskintone 
ğŸ‘® ğŸ½ â€ â™‚ ï¸, manpoliceofficermediumskintone 
ğŸ™ ğŸ¿ â€ â™‚ ï¸, manpoutingdarkskintone 
ğŸ™ ğŸ» â€ â™‚ ï¸, manpoutinglightskintone 
ğŸ™ ğŸ¾ â€ â™‚ ï¸, manpoutingmediumdarkskintone 
ğŸ™ ğŸ¼ â€ â™‚ ï¸, manpoutingmediumlightskintone 
ğŸ™ ğŸ½ â€ â™‚ ï¸, manpoutingmediumskintone 
ğŸ™‹ ğŸ¿ â€ â™‚ ï¸, manraisinghanddarkskintone 
ğŸ™‹ ğŸ» â€ â™‚ ï¸, manraisinghandlightskintone 
ğŸ™‹ ğŸ¾ â€ â™‚ ï¸, manraisinghandmediumdarkskintone 
ğŸ™‹ ğŸ¼ â€ â™‚ ï¸, manraisinghandmediumlightskintone 
ğŸ™‹ ğŸ½ â€ â™‚ ï¸, manraisinghandmediumskintone 
ğŸš£ ğŸ¿ â€ â™‚ ï¸, manrowingboatdarkskintone 
ğŸš£ ğŸ» â€ â™‚ ï¸, manrowingboatlightskintone 
ğŸš£ ğŸ¾ â€ â™‚ ï¸, manrowingboatmediumdarkskintone 
ğŸš£ ğŸ¼ â€ â™‚ ï¸, manrowingboatmediumlightskintone 
ğŸš£ ğŸ½ â€ â™‚ ï¸, manrowingboatmediumskintone 
ğŸƒ ğŸ¿ â€ â™‚ ï¸, manrunningdarkskintone 
ğŸƒ ğŸ» â€ â™‚ ï¸, manrunninglightskintone 
ğŸƒ ğŸ¾ â€ â™‚ ï¸, manrunningmediumdarkskintone 
ğŸƒ ğŸ¼ â€ â™‚ ï¸, manrunningmediumlightskintone 
ğŸƒ ğŸ½ â€ â™‚ ï¸, manrunningmediumskintone 
ğŸ‘¨ ğŸ¿ â€ ğŸ”¬, manscientistdarkskintone 
ğŸ‘¨ ğŸ» â€ ğŸ”¬, manscientistlightskintone 
ğŸ‘¨ ğŸ¾ â€ ğŸ”¬, manscientistmediumdarkskintone 
ğŸ‘¨ ğŸ¼ â€ ğŸ”¬, manscientistmediumlightskintone 
ğŸ‘¨ ğŸ½ â€ ğŸ”¬, manscientistmediumskintone 
ğŸ¤· ğŸ¿ â€ â™‚ ï¸, manshruggingdarkskintone 
ğŸ¤· ğŸ» â€ â™‚ ï¸, manshrugginglightskintone 
ğŸ¤· ğŸ¾ â€ â™‚ ï¸, manshruggingmediumdarkskintone 
ğŸ¤· ğŸ¼ â€ â™‚ ï¸, manshruggingmediumlightskintone 
ğŸ¤· ğŸ½ â€ â™‚ ï¸, manshruggingmediumskintone 
ğŸ‘¨ ğŸ¿ â€ ğŸ¤, mansingerdarkskintone 
ğŸ‘¨ ğŸ» â€ ğŸ¤, mansingerlightskintone 
ğŸ‘¨ ğŸ¾ â€ ğŸ¤, mansingermediumdarkskintone 
ğŸ‘¨ ğŸ¼ â€ ğŸ¤, mansingermediumlightskintone 
ğŸ‘¨ ğŸ½ â€ ğŸ¤, mansingermediumskintone 
ğŸ‘¨ ğŸ¿ â€ ğŸ“, manstudentdarkskintone 
ğŸ‘¨ ğŸ» â€ ğŸ“, manstudentlightskintone 
ğŸ‘¨ ğŸ¾ â€ ğŸ“, manstudentmediumdarkskintone 
ğŸ‘¨ ğŸ¼ â€ ğŸ“, manstudentmediumlightskintone 
ğŸ‘¨ ğŸ½ â€ ğŸ“, manstudentmediumskintone 
ğŸ„ ğŸ¿ â€ â™‚ ï¸, mansurfingdarkskintone 
ğŸ„ ğŸ» â€ â™‚ ï¸, mansurfinglightskintone 
ğŸ„ ğŸ¾ â€ â™‚ ï¸, mansurfingmediumdarkskintone 
ğŸ„ ğŸ¼ â€ â™‚ ï¸, mansurfingmediumlightskintone 
ğŸ„ ğŸ½ â€ â™‚ ï¸, mansurfingmediumskintone 
ğŸŠ ğŸ¿ â€ â™‚ ï¸, manswimmingdarkskintone 
ğŸŠ ğŸ» â€ â™‚ ï¸, manswimminglightskintone 
ğŸŠ ğŸ¾ â€ â™‚ ï¸, manswimmingmediumdarkskintone 
ğŸŠ ğŸ¼ â€ â™‚ ï¸, manswimmingmediumlightskintone 
ğŸŠ ğŸ½ â€ â™‚ ï¸, manswimmingmediumskintone 
ğŸ‘¨ ğŸ¿ â€ ğŸ«, manteacherdarkskintone 
ğŸ‘¨ ğŸ» â€ ğŸ«, manteacherlightskintone 
ğŸ‘¨ ğŸ¾ â€ ğŸ«, manteachermediumdarkskintone 
ğŸ‘¨ ğŸ¼ â€ ğŸ«, manteachermediumlightskintone 
ğŸ‘¨ ğŸ½ â€ ğŸ«, manteachermediumskintone 
ğŸ‘¨ ğŸ¿ â€ ğŸ’», mantechnologistdarkskintone 
ğŸ‘¨ ğŸ» â€ ğŸ’», mantechnologistlightskintone 
ğŸ‘¨ ğŸ¾ â€ ğŸ’», mantechnologistmediumdarkskintone 
ğŸ‘¨ ğŸ¼ â€ ğŸ’», mantechnologistmediumlightskintone 
ğŸ‘¨ ğŸ½ â€ ğŸ’», mantechnologistmediumskintone 
ğŸ’ ğŸ¿ â€ â™‚ ï¸, mantippinghanddarkskintone 
ğŸ’ ğŸ» â€ â™‚ ï¸, mantippinghandlightskintone 
ğŸ’ ğŸ¾ â€ â™‚ ï¸, mantippinghandmediumdarkskintone 
ğŸ’ ğŸ¼ â€ â™‚ ï¸, mantippinghandmediumlightskintone 
ğŸ’ ğŸ½ â€ â™‚ ï¸, mantippinghandmediumskintone 
ğŸš¶ ğŸ¿ â€ â™‚ ï¸, manwalkingdarkskintone 
ğŸš¶ ğŸ» â€ â™‚ ï¸, manwalkinglightskintone 
ğŸš¶ ğŸ¾ â€ â™‚ ï¸, manwalkingmediumdarkskintone 
ğŸš¶ ğŸ¼ â€ â™‚ ï¸, manwalkingmediumlightskintone 
ğŸš¶ ğŸ½ â€ â™‚ ï¸, manwalkingmediumskintone 
ğŸ‘³ ğŸ¿ â€ â™‚ ï¸, manwearingturbandarkskintone 
ğŸ‘³ ğŸ» â€ â™‚ ï¸, manwearingturbanlightskintone 
ğŸ‘³ ğŸ¾ â€ â™‚ ï¸, manwearingturbanmediumdarkskintone 
ğŸ‘³ ğŸ¼ â€ â™‚ ï¸, manwearingturbanmediumlightskintone 
ğŸ‘³ ğŸ½ â€ â™‚ ï¸, manwearingturbanmediumskintone 
ğŸ‘² ğŸ¿, manwithchinesecapdarkskintone 
ğŸ‘² ğŸ», manwithchinesecaplightskintone 
ğŸ‘² ğŸ¾, manwithchinesecapmediumdarkskintone 
ğŸ‘² ğŸ¼, manwithchinesecapmediumlightskintone 
ğŸ‘² ğŸ½, manwithchinesecapmediumskintone 
ğŸ‘², manwithchinesecap 
ğŸ¤½ â€ â™‚ ï¸, manplayingwaterpolo 
ğŸ‘® â€ â™‚ ï¸, manpoliceofficer 
ğŸ™ â€ â™‚ ï¸, manpouting 
ğŸ™‹ â€ â™‚ ï¸, manraisinghand 
ğŸš£ â€ â™‚ ï¸, manrowingboat 
ğŸƒ â€ â™‚ ï¸, manrunning 
ğŸ‘¨ â€ ğŸ”¬, manscientist 
ğŸ¤· â€ â™‚ ï¸, manshrugging 
ğŸ‘¨ â€ ğŸ¤, mansinger 
ğŸ‘¨ â€ ğŸ“, manstudent 
ğŸ„ â€ â™‚ ï¸, mansurfing 
ğŸŠ â€ â™‚ ï¸, manswimming 
ğŸ‘¨ â€ ğŸ«, manteacher 
ğŸ‘¨ â€ ğŸ’», mantechnologist 
ğŸ’ â€ â™‚ ï¸, mantippinghand 
ğŸš¶ â€ â™‚ ï¸, manwalking 
ğŸ‘³ â€ â™‚ ï¸, manwearingturban 
ğŸ¤¾ â€ â™‚ ï¸, manplayinghandball 
ğŸ‘¨ â€ âœˆ ï¸, manpilot 
ğŸ‘¨ â€ ğŸ’¼, manofficeworker 
ğŸšµ â€ â™‚ ï¸, manmountainbiking 
ğŸ‘¨ â€ ğŸ”§, manmechanic 
ğŸ‹ ï¸ â€ â™‚ ï¸, manliftingweights 
ğŸ¤¹ â€ â™‚ ï¸, manjuggling 
ğŸ‘¨ â€ âš– ï¸, manjudge 
ğŸ¤µ, manintuxedo 
ğŸ•´, maninbusinesssuitlevitating 
ğŸ‘¨ â€ âš• ï¸, manhealthworker 
ğŸ’‚ â€ â™‚ ï¸, manguard 
ğŸŒ ï¸ â€ â™‚ ï¸, mangolfing 
ğŸ’† â€ â™‚ ï¸, mangettingmassage 
ğŸ’‡ â€ â™‚ ï¸, mangettinghaircut 
ğŸ™† â€ â™‚ ï¸, mangesturingok 
ğŸ™… â€ â™‚ ï¸, mangesturingno 
ğŸ™ â€ â™‚ ï¸, manfrowning 
ğŸ‘¨ â€ ğŸš’, manfirefighter 
ğŸ‘¨ â€ ğŸŒ¾, manfarmer 
ğŸ‘¨ â€ ğŸ­, manfactoryworker 
ğŸ¤¦ â€ â™‚ ï¸, manfacepalming 
ğŸ•º, mandancing 
ğŸ‘¨ â€ ğŸ³, mancook 
ğŸ¤¸ â€ â™‚ ï¸, mancartwheeling 
ğŸ™‡ â€ â™‚ ï¸, manbowing 
â›¹ ï¸ â€ â™‚ ï¸, manbouncingball 
ğŸ‘¨ â€ ğŸ¨, manartist 
ğŸ‘¨ â€ ğŸš€, manastronaut 
ğŸš´ â€ â™‚ ï¸, manbiking 
ğŸ‘· â€ â™‚ ï¸, manconstructionworker 
ğŸ•µ ï¸ â€ â™‚ ï¸, mandetective 
ğŸ‘¨ ğŸ¾, manmediumdarkskintone 
ğŸ‘¨ ğŸ¼, manmediumlightskintone 
ğŸ‘¨ ğŸ½, manmediumskintone 
ğŸ‘¨ ğŸ», manlightskintone 
ğŸ‘¨ ğŸ¿, mandarkskintone 
ğŸ‘¨, man 
ğŸ‘© ğŸ¿ â€ ğŸ¨, womanartistdarkskintone 
ğŸ‘© ğŸ» â€ ğŸ¨, womanartistlightskintone 
ğŸ‘© ğŸ¾ â€ ğŸ¨, womanartistmediumdarkskintone 
ğŸ‘© ğŸ¼ â€ ğŸ¨, womanartistmediumlightskintone 
ğŸ‘© ğŸ½ â€ ğŸ¨, womanartistmediumskintone 
ğŸ‘© ğŸ¿ â€ ğŸš€, womanastronautdarkskintone 
ğŸ‘© ğŸ» â€ ğŸš€, womanastronautlightskintone 
ğŸ‘© ğŸ¾ â€ ğŸš€, womanastronautmediumdarkskintone 
ğŸ‘© ğŸ¼ â€ ğŸš€, womanastronautmediumlightskintone 
ğŸ‘© ğŸ½ â€ ğŸš€, womanastronautmediumskintone 
ğŸš´ ğŸ¿ â€ â™€ ï¸, womanbikingdarkskintone 
ğŸš´ ğŸ» â€ â™€ ï¸, womanbikinglightskintone 
ğŸš´ ğŸ¾ â€ â™€ ï¸, womanbikingmediumdarkskintone 
ğŸš´ ğŸ¼ â€ â™€ ï¸, womanbikingmediumlightskintone 
ğŸš´ ğŸ½ â€ â™€ ï¸, womanbikingmediumskintone 
â›¹ ğŸ¿ â€ â™€ ï¸, womanbouncingballdarkskintone 
â›¹ ğŸ» â€ â™€ ï¸, womanbouncingballlightskintone 
â›¹ ğŸ¾ â€ â™€ ï¸, womanbouncingballmediumdarkskintone 
â›¹ ğŸ¼ â€ â™€ ï¸, womanbouncingballmediumlightskintone 
â›¹ ğŸ½ â€ â™€ ï¸, womanbouncingballmediumskintone 
ğŸ™‡ ğŸ¿ â€ â™€ ï¸, womanbowingdarkskintone 
ğŸ™‡ ğŸ» â€ â™€ ï¸, womanbowinglightskintone 
ğŸ™‡ ğŸ¾ â€ â™€ ï¸, womanbowingmediumdarkskintone 
ğŸ™‡ ğŸ¼ â€ â™€ ï¸, womanbowingmediumlightskintone 
ğŸ™‡ ğŸ½ â€ â™€ ï¸, womanbowingmediumskintone 
ğŸ¤¸ ğŸ¿ â€ â™€ ï¸, womancartwheelingdarkskintone 
ğŸ¤¸ ğŸ» â€ â™€ ï¸, womancartwheelinglightskintone 
ğŸ¤¸ ğŸ¾ â€ â™€ ï¸, womancartwheelingmediumdarkskintone 
ğŸ¤¸ ğŸ¼ â€ â™€ ï¸, womancartwheelingmediumlightskintone 
ğŸ¤¸ ğŸ½ â€ â™€ ï¸, womancartwheelingmediumskintone 
ğŸ‘· ğŸ¿ â€ â™€ ï¸, womanconstructionworkerdarkskintone 
ğŸ‘· ğŸ» â€ â™€ ï¸, womanconstructionworkerlightskintone 
ğŸ‘· ğŸ¾ â€ â™€ ï¸, womanconstructionworkermediumdarkskintone 
ğŸ‘· ğŸ¼ â€ â™€ ï¸, womanconstructionworkermediumlightskintone 
ğŸ‘· ğŸ½ â€ â™€ ï¸, womanconstructionworkermediumskintone 
ğŸ‘© ğŸ¿ â€ ğŸ³, womancookdarkskintone 
ğŸ‘© ğŸ» â€ ğŸ³, womancooklightskintone 
ğŸ‘© ğŸ¾ â€ ğŸ³, womancookmediumdarkskintone 
ğŸ‘© ğŸ¼ â€ ğŸ³, womancookmediumlightskintone 
ğŸ‘© ğŸ½ â€ ğŸ³, womancookmediumskintone 
ğŸ’ƒ ğŸ¿, womandancingdarkskintone 
ğŸ’ƒ ğŸ», womandancinglightskintone 
ğŸ’ƒ ğŸ¾, womandancingmediumdarkskintone 
ğŸ’ƒ ğŸ¼, womandancingmediumlightskintone 
ğŸ’ƒ ğŸ½, womandancingmediumskintone 
ğŸ•µ ğŸ¿ â€ â™€ ï¸, womandetectivedarkskintone 
ğŸ•µ ğŸ» â€ â™€ ï¸, womandetectivelightskintone 
ğŸ•µ ğŸ¾ â€ â™€ ï¸, womandetectivemediumdarkskintone 
ğŸ•µ ğŸ¼ â€ â™€ ï¸, womandetectivemediumlightskintone 
ğŸ•µ ğŸ½ â€ â™€ ï¸, womandetectivemediumskintone 
ğŸ¤¦ ğŸ¿ â€ â™€ ï¸, womanfacepalmingdarkskintone 
ğŸ¤¦ ğŸ» â€ â™€ ï¸, womanfacepalminglightskintone 
ğŸ¤¦ ğŸ¾ â€ â™€ ï¸, womanfacepalmingmediumdarkskintone 
ğŸ¤¦ ğŸ¼ â€ â™€ ï¸, womanfacepalmingmediumlightskintone 
ğŸ¤¦ ğŸ½ â€ â™€ ï¸, womanfacepalmingmediumskintone 
ğŸ‘© ğŸ¿ â€ ğŸ­, womanfactoryworkerdarkskintone 
ğŸ‘© ğŸ» â€ ğŸ­, womanfactoryworkerlightskintone 
ğŸ‘© ğŸ¾ â€ ğŸ­, womanfactoryworkermediumdarkskintone 
ğŸ‘© ğŸ¼ â€ ğŸ­, womanfactoryworkermediumlightskintone 
ğŸ‘© ğŸ½ â€ ğŸ­, womanfactoryworkermediumskintone 
ğŸ‘© ğŸ¿ â€ ğŸŒ¾, womanfarmerdarkskintone 
ğŸ‘© ğŸ» â€ ğŸŒ¾, womanfarmerlightskintone 
ğŸ‘© ğŸ¾ â€ ğŸŒ¾, womanfarmermediumdarkskintone 
ğŸ‘© ğŸ¼ â€ ğŸŒ¾, womanfarmermediumlightskintone 
ğŸ‘© ğŸ½ â€ ğŸŒ¾, womanfarmermediumskintone 
ğŸ‘© ğŸ¿ â€ ğŸš’, womanfirefighterdarkskintone 
ğŸ‘© ğŸ» â€ ğŸš’, womanfirefighterlightskintone 
ğŸ‘© ğŸ¾ â€ ğŸš’, womanfirefightermediumdarkskintone 
ğŸ‘© ğŸ¼ â€ ğŸš’, womanfirefightermediumlightskintone 
ğŸ‘© ğŸ½ â€ ğŸš’, womanfirefightermediumskintone 
ğŸ™ ğŸ¿ â€ â™€ ï¸, womanfrowningdarkskintone 
ğŸ™ ğŸ» â€ â™€ ï¸, womanfrowninglightskintone 
ğŸ™ ğŸ¾ â€ â™€ ï¸, womanfrowningmediumdarkskintone 
ğŸ™ ğŸ¼ â€ â™€ ï¸, womanfrowningmediumlightskintone 
ğŸ™ ğŸ½ â€ â™€ ï¸, womanfrowningmediumskintone 
ğŸ™… ğŸ¿ â€ â™€ ï¸, womangesturingnodarkskintone 
ğŸ™… ğŸ» â€ â™€ ï¸, womangesturingnolightskintone 
ğŸ™… ğŸ¾ â€ â™€ ï¸, womangesturingnomediumdarkskintone 
ğŸ™… ğŸ¼ â€ â™€ ï¸, womangesturingnomediumlightskintone 
ğŸ™… ğŸ½ â€ â™€ ï¸, womangesturingnomediumskintone 
ğŸ™† ğŸ¿ â€ â™€ ï¸, womangesturingokdarkskintone 
ğŸ™† ğŸ» â€ â™€ ï¸, womangesturingoklightskintone 
ğŸ™† ğŸ¾ â€ â™€ ï¸, womangesturingokmediumdarkskintone 
ğŸ™† ğŸ¼ â€ â™€ ï¸, womangesturingokmediumlightskintone 
ğŸ™† ğŸ½ â€ â™€ ï¸, womangesturingokmediumskintone 
ğŸ’‡ ğŸ¿ â€ â™€ ï¸, womangettinghaircutdarkskintone 
ğŸ’‡ ğŸ» â€ â™€ ï¸, womangettinghaircutlightskintone 
ğŸ’‡ ğŸ¾ â€ â™€ ï¸, womangettinghaircutmediumdarkskintone 
ğŸ’‡ ğŸ¼ â€ â™€ ï¸, womangettinghaircutmediumlightskintone 
ğŸ’‡ ğŸ½ â€ â™€ ï¸, womangettinghaircutmediumskintone 
ğŸ’† ğŸ¿ â€ â™€ ï¸, womangettingmassagedarkskintone 
ğŸ’† ğŸ» â€ â™€ ï¸, womangettingmassagelightskintone 
ğŸ’† ğŸ¾ â€ â™€ ï¸, womangettingmassagemediumdarkskintone 
ğŸ’† ğŸ¼ â€ â™€ ï¸, womangettingmassagemediumlightskintone 
ğŸ’† ğŸ½ â€ â™€ ï¸, womangettingmassagemediumskintone 
ğŸŒ ğŸ¿ â€ â™€ ï¸, womangolfingdarkskintone 
ğŸŒ ğŸ» â€ â™€ ï¸, womangolfinglightskintone 
ğŸŒ ğŸ¾ â€ â™€ ï¸, womangolfingmediumdarkskintone 
ğŸŒ ğŸ¼ â€ â™€ ï¸, womangolfingmediumlightskintone 
ğŸŒ ğŸ½ â€ â™€ ï¸, womangolfingmediumskintone 
ğŸ’‚ ğŸ¿ â€ â™€ ï¸, womanguarddarkskintone 
ğŸ’‚ ğŸ» â€ â™€ ï¸, womanguardlightskintone 
ğŸ’‚ ğŸ¾ â€ â™€ ï¸, womanguardmediumdarkskintone 
ğŸ’‚ ğŸ¼ â€ â™€ ï¸, womanguardmediumlightskintone 
ğŸ’‚ ğŸ½ â€ â™€ ï¸, womanguardmediumskintone 
ğŸ‘© ğŸ¿ â€ âš• ï¸, womanhealthworkerdarkskintone 
ğŸ‘© ğŸ» â€ âš• ï¸, womanhealthworkerlightskintone 
ğŸ‘© ğŸ¾ â€ âš• ï¸, womanhealthworkermediumdarkskintone 
ğŸ‘© ğŸ¼ â€ âš• ï¸, womanhealthworkermediumlightskintone 
ğŸ‘© ğŸ½ â€ âš• ï¸, womanhealthworkermediumskintone 
ğŸ‘© ğŸ¿ â€ âš– ï¸, womanjudgedarkskintone 
ğŸ‘© ğŸ» â€ âš– ï¸, womanjudgelightskintone 
ğŸ‘© ğŸ¾ â€ âš– ï¸, womanjudgemediumdarkskintone 
ğŸ‘© ğŸ¼ â€ âš– ï¸, womanjudgemediumlightskintone 
ğŸ‘© ğŸ½ â€ âš– ï¸, womanjudgemediumskintone 
ğŸ¤¹ ğŸ¿ â€ â™€ ï¸, womanjugglingdarkskintone 
ğŸ¤¹ ğŸ» â€ â™€ ï¸, womanjugglinglightskintone 
ğŸ¤¹ ğŸ¾ â€ â™€ ï¸, womanjugglingmediumdarkskintone 
ğŸ¤¹ ğŸ¼ â€ â™€ ï¸, womanjugglingmediumlightskintone 
ğŸ¤¹ ğŸ½ â€ â™€ ï¸, womanjugglingmediumskintone 
ğŸ‹ ğŸ¿ â€ â™€ ï¸, womanliftingweightsdarkskintone 
ğŸ‹ ğŸ» â€ â™€ ï¸, womanliftingweightslightskintone 
ğŸ‹ ğŸ¾ â€ â™€ ï¸, womanliftingweightsmediumdarkskintone 
ğŸ‹ ğŸ¼ â€ â™€ ï¸, womanliftingweightsmediumlightskintone 
ğŸ‹ ğŸ½ â€ â™€ ï¸, womanliftingweightsmediumskintone 
ğŸ‘© ğŸ¿ â€ ğŸ”§, womanmechanicdarkskintone 
ğŸ‘© ğŸ» â€ ğŸ”§, womanmechaniclightskintone 
ğŸ‘© ğŸ¾ â€ ğŸ”§, womanmechanicmediumdarkskintone 
ğŸ‘© ğŸ¼ â€ ğŸ”§, womanmechanicmediumlightskintone 
ğŸ‘© ğŸ½ â€ ğŸ”§, womanmechanicmediumskintone 
ğŸšµ ğŸ¿ â€ â™€ ï¸, womanmountainbikingdarkskintone 
ğŸšµ ğŸ» â€ â™€ ï¸, womanmountainbikinglightskintone 
ğŸšµ ğŸ¾ â€ â™€ ï¸, womanmountainbikingmediumdarkskintone 
ğŸšµ ğŸ¼ â€ â™€ ï¸, womanmountainbikingmediumlightskintone 
ğŸšµ ğŸ½ â€ â™€ ï¸, womanmountainbikingmediumskintone 
ğŸ‘© ğŸ¿ â€ ğŸ’¼, womanofficeworkerdarkskintone 
ğŸ‘© ğŸ» â€ ğŸ’¼, womanofficeworkerlightskintone 
ğŸ‘© ğŸ¾ â€ ğŸ’¼, womanofficeworkermediumdarkskintone 
ğŸ‘© ğŸ¼ â€ ğŸ’¼, womanofficeworkermediumlightskintone 
ğŸ‘© ğŸ½ â€ ğŸ’¼, womanofficeworkermediumskintone 
ğŸ‘© ğŸ¿ â€ âœˆ ï¸, womanpilotdarkskintone 
ğŸ‘© ğŸ» â€ âœˆ ï¸, womanpilotlightskintone 
ğŸ‘© ğŸ¾ â€ âœˆ ï¸, womanpilotmediumdarkskintone 
ğŸ‘© ğŸ¼ â€ âœˆ ï¸, womanpilotmediumlightskintone 
ğŸ‘© ğŸ½ â€ âœˆ ï¸, womanpilotmediumskintone 
ğŸ¤¾ ğŸ¿ â€ â™€ ï¸, womanplayinghandballdarkskintone 
ğŸ¤¾ ğŸ» â€ â™€ ï¸, womanplayinghandballlightskintone 
ğŸ¤¾ ğŸ¾ â€ â™€ ï¸, womanplayinghandballmediumdarkskintone 
ğŸ¤¾ ğŸ¼ â€ â™€ ï¸, womanplayinghandballmediumlightskintone 
ğŸ¤¾ ğŸ½ â€ â™€ ï¸, womanplayinghandballmediumskintone 
ğŸ¤½ ğŸ¿ â€ â™€ ï¸, womanplayingwaterpolodarkskintone 
ğŸ¤½ ğŸ» â€ â™€ ï¸, womanplayingwaterpololightskintone 
ğŸ¤½ ğŸ¾ â€ â™€ ï¸, womanplayingwaterpolomediumdarkskintone 
ğŸ¤½ ğŸ¼ â€ â™€ ï¸, womanplayingwaterpolomediumlightskintone 
ğŸ¤½ ğŸ½ â€ â™€ ï¸, womanplayingwaterpolomediumskintone 
ğŸ‘® ğŸ¿ â€ â™€ ï¸, womanpoliceofficerdarkskintone 
ğŸ‘® ğŸ» â€ â™€ ï¸, womanpoliceofficerlightskintone 
ğŸ‘® ğŸ¾ â€ â™€ ï¸, womanpoliceofficermediumdarkskintone 
ğŸ‘® ğŸ¼ â€ â™€ ï¸, womanpoliceofficermediumlightskintone 
ğŸ‘® ğŸ½ â€ â™€ ï¸, womanpoliceofficermediumskintone 
ğŸ™ ğŸ¿ â€ â™€ ï¸, womanpoutingdarkskintone 
ğŸ™ ğŸ» â€ â™€ ï¸, womanpoutinglightskintone 
ğŸ™ ğŸ¾ â€ â™€ ï¸, womanpoutingmediumdarkskintone 
ğŸ™ ğŸ¼ â€ â™€ ï¸, womanpoutingmediumlightskintone 
ğŸ™ ğŸ½ â€ â™€ ï¸, womanpoutingmediumskintone 
ğŸ™‹ ğŸ¿ â€ â™€ ï¸, womanraisinghanddarkskintone 
ğŸ™‹ ğŸ» â€ â™€ ï¸, womanraisinghandlightskintone 
ğŸ™‹ ğŸ¾ â€ â™€ ï¸, womanraisinghandmediumdarkskintone 
ğŸ™‹ ğŸ¼ â€ â™€ ï¸, womanraisinghandmediumlightskintone 
ğŸ™‹ ğŸ½ â€ â™€ ï¸, womanraisinghandmediumskintone 
ğŸš£ ğŸ¿ â€ â™€ ï¸, womanrowingboatdarkskintone 
ğŸš£ ğŸ» â€ â™€ ï¸, womanrowingboatlightskintone 
ğŸš£ ğŸ¾ â€ â™€ ï¸, womanrowingboatmediumdarkskintone 
ğŸš£ ğŸ¼ â€ â™€ ï¸, womanrowingboatmediumlightskintone 
ğŸš£ ğŸ½ â€ â™€ ï¸, womanrowingboatmediumskintone 
ğŸƒ ğŸ¿ â€ â™€ ï¸, womanrunningdarkskintone 
ğŸƒ ğŸ» â€ â™€ ï¸, womanrunninglightskintone 
ğŸƒ ğŸ¾ â€ â™€ ï¸, womanrunningmediumdarkskintone 
ğŸƒ ğŸ¼ â€ â™€ ï¸, womanrunningmediumlightskintone 
ğŸƒ ğŸ½ â€ â™€ ï¸, womanrunningmediumskintone 
ğŸ‘© ğŸ¿ â€ ğŸ”¬, womanscientistdarkskintone 
ğŸ‘© ğŸ» â€ ğŸ”¬, womanscientistlightskintone 
ğŸ‘© ğŸ¾ â€ ğŸ”¬, womanscientistmediumdarkskintone 
ğŸ‘© ğŸ¼ â€ ğŸ”¬, womanscientistmediumlightskintone 
ğŸ‘© ğŸ½ â€ ğŸ”¬, womanscientistmediumskintone 
ğŸ¤· ğŸ¿ â€ â™€ ï¸, womanshruggingdarkskintone 
ğŸ¤· ğŸ» â€ â™€ ï¸, womanshrugginglightskintone 
ğŸ¤· ğŸ¾ â€ â™€ ï¸, womanshruggingmediumdarkskintone 
ğŸ¤· ğŸ¼ â€ â™€ ï¸, womanshruggingmediumlightskintone 
ğŸ¤· ğŸ½ â€ â™€ ï¸, womanshruggingmediumskintone 
ğŸ‘© ğŸ¿ â€ ğŸ¤, womansingerdarkskintone 
ğŸ‘© ğŸ» â€ ğŸ¤, womansingerlightskintone 
ğŸ‘© ğŸ¾ â€ ğŸ¤, womansingermediumdarkskintone 
ğŸ‘© ğŸ¼ â€ ğŸ¤, womansingermediumlightskintone 
ğŸ‘© ğŸ½ â€ ğŸ¤, womansingermediumskintone 
ğŸ‘© ğŸ¿ â€ ğŸ“, womanstudentdarkskintone 
ğŸ‘© ğŸ» â€ ğŸ“, womanstudentlightskintone 
ğŸ‘© ğŸ¾ â€ ğŸ“, womanstudentmediumdarkskintone 
ğŸ‘© ğŸ¼ â€ ğŸ“, womanstudentmediumlightskintone 
ğŸ‘© ğŸ½ â€ ğŸ“, womanstudentmediumskintone 
ğŸ„ ğŸ¿ â€ â™€ ï¸, womansurfingdarkskintone 
ğŸ„ ğŸ» â€ â™€ ï¸, womansurfinglightskintone 
ğŸ„ ğŸ¾ â€ â™€ ï¸, womansurfingmediumdarkskintone 
ğŸ„ ğŸ¼ â€ â™€ ï¸, womansurfingmediumlightskintone 
ğŸ„ ğŸ½ â€ â™€ ï¸, womansurfingmediumskintone 
ğŸŠ ğŸ¿ â€ â™€ ï¸, womanswimmingdarkskintone 
ğŸŠ ğŸ» â€ â™€ ï¸, womanswimminglightskintone 
ğŸŠ ğŸ¾ â€ â™€ ï¸, womanswimmingmediumdarkskintone 
ğŸŠ ğŸ¼ â€ â™€ ï¸, womanswimmingmediumlightskintone 
ğŸŠ ğŸ½ â€ â™€ ï¸, womanswimmingmediumskintone 
ğŸ‘© ğŸ¿ â€ ğŸ«, womanteacherdarkskintone 
ğŸ‘© ğŸ» â€ ğŸ«, womanteacherlightskintone 
ğŸ‘© ğŸ¾ â€ ğŸ«, womanteachermediumdarkskintone 
ğŸ‘© ğŸ¼ â€ ğŸ«, womanteachermediumlightskintone 
ğŸ‘© ğŸ½ â€ ğŸ«, womanteachermediumskintone 
ğŸ‘© ğŸ¿ â€ ğŸ’», womantechnologistdarkskintone 
ğŸ‘© ğŸ» â€ ğŸ’», womantechnologistlightskintone 
ğŸ‘© ğŸ¾ â€ ğŸ’», womantechnologistmediumdarkskintone 
ğŸ‘© ğŸ¼ â€ ğŸ’», womantechnologistmediumlightskintone 
ğŸ‘© ğŸ½ â€ ğŸ’», womantechnologistmediumskintone 
ğŸ’ ğŸ¿ â€ â™€ ï¸, womantippinghanddarkskintone 
ğŸ’ ğŸ» â€ â™€ ï¸, womantippinghandlightskintone 
ğŸ’ ğŸ¾ â€ â™€ ï¸, womantippinghandmediumdarkskintone 
ğŸ’ ğŸ¼ â€ â™€ ï¸, womantippinghandmediumlightskintone 
ğŸ’ ğŸ½ â€ â™€ ï¸, womantippinghandmediumskintone 
ğŸš¶ ğŸ¿ â€ â™€ ï¸, womanwalkingdarkskintone 
ğŸš¶ ğŸ» â€ â™€ ï¸, womanwalkinglightskintone 
ğŸš¶ ğŸ¾ â€ â™€ ï¸, womanwalkingmediumdarkskintone 
ğŸš¶ ğŸ¼ â€ â™€ ï¸, womanwalkingmediumlightskintone 
ğŸš¶ ğŸ½ â€ â™€ ï¸, womanwalkingmediumskintone 
ğŸ‘³ ğŸ¿ â€ â™€ ï¸, womanwearingturbandarkskintone 
ğŸ‘³ ğŸ» â€ â™€ ï¸, womanwearingturbanlightskintone 
ğŸ‘³ ğŸ¾ â€ â™€ ï¸, womanwearingturbanmediumdarkskintone 
ğŸ‘³ ğŸ¼ â€ â™€ ï¸, womanwearingturbanmediumlightskintone 
ğŸ‘³ ğŸ½ â€ â™€ ï¸, womanwearingturbanmediumskintone 
ğŸ‘© â€ ğŸ«, womanteacher 
ğŸ™‹ â€ â™€ ï¸, womanraisinghand 
ğŸš£ â€ â™€ ï¸, womanrowingboat 
ğŸƒ â€ â™€ ï¸, womanrunning 
ğŸ‘© â€ ğŸ”¬, womanscientist 
ğŸ¤· â€ â™€ ï¸, womanshrugging 
ğŸ‘© â€ ğŸ¤, womansinger 
ğŸ‘© â€ ğŸ“, womanstudent 
ğŸ„ â€ â™€ ï¸, womansurfing 
ğŸŠ â€ â™€ ï¸, womanswimming 
ğŸ‘© â€ ğŸ’», womantechnologist 
ğŸ‘© â€ ğŸ¨, womanartist 
ğŸš´ â€ â™€ ï¸, womanbiking 
ğŸ’ â€ â™€ ï¸, womantippinghand 
â›¹ ï¸ â€ â™€ ï¸, womanbouncingball 
ğŸ™‡ â€ â™€ ï¸, womanbowing 
ğŸš¶ â€ â™€ ï¸, womanwalking 
ğŸ¤¸ â€ â™€ ï¸, womancartwheeling 
ğŸ‘· â€ â™€ ï¸, womanconstructionworker 
ğŸ‘© â€ ğŸ³, womancook 
ğŸ’ƒ, womandancing 
ğŸ‘© â€ ğŸš€, womanastronaut 
ğŸ‘³ â€ â™€ ï¸, womanwearingturban 
ğŸ‘© ğŸ¿, womandarkskintone 
ğŸ•µ ï¸ â€ â™€ ï¸, womandetective 
ğŸ¤¦ â€ â™€ ï¸, womanfacepalming 
ğŸ‘© â€ ğŸ­, womanfactoryworker 
ğŸ‘© â€ ğŸŒ¾, womanfarmer 
ğŸ‘© â€ ğŸš’, womanfirefighter 
ğŸ™ â€ â™€ ï¸, womanfrowning 
ğŸ™… â€ â™€ ï¸, womangesturingno 
ğŸ™† â€ â™€ ï¸, womangesturingok 
ğŸ’‡ â€ â™€ ï¸, womangettinghaircut 
ğŸ’† â€ â™€ ï¸, womangettingmassage 
ğŸŒ ï¸ â€ â™€ ï¸, womangolfing 
ğŸ‘© â€ âš• ï¸, womanhealthworker 
ğŸ’‚ â€ â™€ ï¸, womanguard 
ğŸ‹ ï¸ â€ â™€ ï¸, womanliftingweights 
ğŸ¤¹ â€ â™€ ï¸, womanjuggling 
ğŸ‘© â€ âš– ï¸, womanjudge 
ğŸ‘© ğŸ», womanlightskintone 
ğŸ‘© â€ ğŸ”§, womanmechanic 
ğŸšµ â€ â™€ ï¸, womanmountainbiking 
ğŸ‘© â€ ğŸ’¼, womanofficeworker 
ğŸ‘© â€ âœˆ ï¸, womanpilot 
ğŸ¤¾ â€ â™€ ï¸, womanplayinghandball 
ğŸ¤½ â€ â™€ ï¸, womanplayingwaterpolo 
ğŸ‘® â€ â™€ ï¸, womanpoliceofficer 
ğŸ™ â€ â™€ ï¸, womanpouting 
ğŸ‘© ğŸ¾, womanmediumdarkskintone 
ğŸ‘© ğŸ¼, womanmediumlightskintone 
ğŸ‘© ğŸ½, womanmediumskintone 
ğŸš´ ğŸ¿, personbikingdarkskintone 
ğŸš´ ğŸ», personbikinglightskintone 
ğŸš´ ğŸ¾, personbikingmediumdarkskintone 
ğŸš´ ğŸ¼, personbikingmediumlightskintone 
ğŸš´ ğŸ½, personbikingmediumskintone 
â›¹ ğŸ¿, personbouncingballdarkskintone 
â›¹ ğŸ», personbouncingballlightskintone 
â›¹ ğŸ¾, personbouncingballmediumdarkskintone 
â›¹ ğŸ¼, personbouncingballmediumlightskintone 
â›¹ ğŸ½, personbouncingballmediumskintone 
ğŸ™‡ ğŸ¿, personbowingdarkskintone 
ğŸ™‡ ğŸ», personbowinglightskintone 
ğŸ™‡ ğŸ¾, personbowingmediumdarkskintone 
ğŸ™‡ ğŸ¼, personbowingmediumlightskintone 
ğŸ™‡ ğŸ½, personbowingmediumskintone 
ğŸ¤¸ ğŸ¿, personcartwheelingdarkskintone 
ğŸ¤¸ ğŸ», personcartwheelinglightskintone 
ğŸ¤¸ ğŸ¾, personcartwheelingmediumdarkskintone 
ğŸ¤¸ ğŸ¼, personcartwheelingmediumlightskintone 
ğŸ¤¸ ğŸ½, personcartwheelingmediumskintone 
ğŸ¤¦ ğŸ¿, personfacepalmingdarkskintone 
ğŸ¤¦ ğŸ», personfacepalminglightskintone 
ğŸ¤¦ ğŸ¾, personfacepalmingmediumdarkskintone 
ğŸ¤¦ ğŸ¼, personfacepalmingmediumlightskintone 
ğŸ¤¦ ğŸ½, personfacepalmingmediumskintone 
ğŸ™ ğŸ¿, personfrowningdarkskintone 
ğŸ™ ğŸ», personfrowninglightskintone 
ğŸ™ ğŸ¾, personfrowningmediumdarkskintone 
ğŸ™ ğŸ¼, personfrowningmediumlightskintone 
ğŸ™ ğŸ½, personfrowningmediumskintone 
ğŸ™… ğŸ¿, persongesturingnodarkskintone 
ğŸ™… ğŸ», persongesturingnolightskintone 
ğŸ™… ğŸ¾, persongesturingnomediumdarkskintone 
ğŸ™… ğŸ¼, persongesturingnomediumlightskintone 
ğŸ™… ğŸ½, persongesturingnomediumskintone 
ğŸ™† ğŸ¿, persongesturingokdarkskintone 
ğŸ™† ğŸ», persongesturingoklightskintone 
ğŸ™† ğŸ¾, persongesturingokmediumdarkskintone 
ğŸ™† ğŸ¼, persongesturingokmediumlightskintone 
ğŸ™† ğŸ½, persongesturingokmediumskintone 
ğŸ’‡ ğŸ¿, persongettinghaircutdarkskintone 
ğŸ’‡ ğŸ», persongettinghaircutlightskintone 
ğŸ’‡ ğŸ¾, persongettinghaircutmediumdarkskintone 
ğŸ’‡ ğŸ¼, persongettinghaircutmediumlightskintone 
ğŸ’‡ ğŸ½, persongettinghaircutmediumskintone 
ğŸ’† ğŸ¿, persongettingmassagedarkskintone 
ğŸ’† ğŸ», persongettingmassagelightskintone 
ğŸ’† ğŸ¾, persongettingmassagemediumdarkskintone 
ğŸ’† ğŸ¼, persongettingmassagemediumlightskintone 
ğŸ’† ğŸ½, persongettingmassagemediumskintone 
ğŸŒ ğŸ¿, persongolfingdarkskintone 
ğŸŒ ğŸ», persongolfinglightskintone 
ğŸŒ ğŸ¾, persongolfingmediumdarkskintone 
ğŸŒ ğŸ¼, persongolfingmediumlightskintone 
ğŸŒ ğŸ½, persongolfingmediumskintone 
ğŸ›Œ ğŸ¿, personinbeddarkskintone 
ğŸ›Œ ğŸ», personinbedlightskintone 
ğŸ›Œ ğŸ¾, personinbedmediumdarkskintone 
ğŸ›Œ ğŸ¼, personinbedmediumlightskintone 
ğŸ›Œ ğŸ½, personinbedmediumskintone 
ğŸ¤¹ ğŸ¿, personjugglingdarkskintone 
ğŸ¤¹ ğŸ», personjugglinglightskintone 
ğŸ¤¹ ğŸ¾, personjugglingmediumdarkskintone 
ğŸ¤¹ ğŸ¼, personjugglingmediumlightskintone 
ğŸ¤¹ ğŸ½, personjugglingmediumskintone 
ğŸ‹ ğŸ¿, personliftingweightsdarkskintone 
ğŸ‹ ğŸ», personliftingweightslightskintone 
ğŸ‹ ğŸ¾, personliftingweightsmediumdarkskintone 
ğŸ‹ ğŸ¼, personliftingweightsmediumlightskintone 
ğŸ‹ ğŸ½, personliftingweightsmediumskintone 
ğŸšµ ğŸ¿, personmountainbikingdarkskintone 
ğŸšµ ğŸ», personmountainbikinglightskintone 
ğŸšµ ğŸ¾, personmountainbikingmediumdarkskintone 
ğŸšµ ğŸ¼, personmountainbikingmediumlightskintone 
ğŸšµ ğŸ½, personmountainbikingmediumskintone 
ğŸ¤¾ ğŸ¿, personplayinghandballdarkskintone 
ğŸ¤¾ ğŸ», personplayinghandballlightskintone 
ğŸ¤¾ ğŸ¾, personplayinghandballmediumdarkskintone 
ğŸ¤¾ ğŸ¼, personplayinghandballmediumlightskintone 
ğŸ¤¾ ğŸ½, personplayinghandballmediumskintone 
ğŸ¤½ ğŸ¿, personplayingwaterpolodarkskintone 
ğŸ¤½ ğŸ», personplayingwaterpololightskintone 
ğŸ¤½ ğŸ¾, personplayingwaterpolomediumdarkskintone 
ğŸ¤½ ğŸ¼, personplayingwaterpolomediumlightskintone 
ğŸ¤½ ğŸ½, personplayingwaterpolomediumskintone 
ğŸ™ ğŸ¿, personpoutingdarkskintone 
ğŸ™ ğŸ», personpoutinglightskintone 
ğŸ™ ğŸ¾, personpoutingmediumdarkskintone 
ğŸ™ ğŸ¼, personpoutingmediumlightskintone 
ğŸ™ ğŸ½, personpoutingmediumskintone 
ğŸ™‹ ğŸ¿, personraisinghanddarkskintone 
ğŸ™‹ ğŸ», personraisinghandlightskintone 
ğŸ™‹ ğŸ¾, personraisinghandmediumdarkskintone 
ğŸ™‹ ğŸ¼, personraisinghandmediumlightskintone 
ğŸ™‹ ğŸ½, personraisinghandmediumskintone 
ğŸš£ ğŸ¿, personrowingboatdarkskintone 
ğŸš£ ğŸ», personrowingboatlightskintone 
ğŸš£ ğŸ¾, personrowingboatmediumdarkskintone 
ğŸš£ ğŸ¼, personrowingboatmediumlightskintone 
ğŸš£ ğŸ½, personrowingboatmediumskintone 
ğŸƒ ğŸ¿, personrunningdarkskintone 
ğŸƒ ğŸ», personrunninglightskintone 
ğŸƒ ğŸ¾, personrunningmediumdarkskintone 
ğŸƒ ğŸ¼, personrunningmediumlightskintone 
ğŸƒ ğŸ½, personrunningmediumskintone 
ğŸ¤· ğŸ¿, personshruggingdarkskintone 
ğŸ¤· ğŸ», personshrugginglightskintone 
ğŸ¤· ğŸ¾, personshruggingmediumdarkskintone 
ğŸ¤· ğŸ¼, personshruggingmediumlightskintone 
ğŸ¤· ğŸ½, personshruggingmediumskintone 
ğŸ„ ğŸ¿, personsurfingdarkskintone 
ğŸ„ ğŸ», personsurfinglightskintone 
ğŸ„ ğŸ¾, personsurfingmediumdarkskintone 
ğŸ„ ğŸ¼, personsurfingmediumlightskintone 
ğŸ„ ğŸ½, personsurfingmediumskintone 
ğŸŠ ğŸ¿, personswimmingdarkskintone 
ğŸŠ ğŸ», personswimminglightskintone 
ğŸŠ ğŸ¾, personswimmingmediumdarkskintone 
ğŸŠ ğŸ¼, personswimmingmediumlightskintone 
ğŸŠ ğŸ½, personswimmingmediumskintone 
ğŸ›€ ğŸ¿, persontakingbathdarkskintone 
ğŸ›€ ğŸ», persontakingbathlightskintone 
ğŸ›€ ğŸ¾, persontakingbathmediumdarkskintone 
ğŸ›€ ğŸ¼, persontakingbathmediumlightskintone 
ğŸ›€ ğŸ½, persontakingbathmediumskintone 
ğŸ’ ğŸ¿, persontippinghanddarkskintone 
ğŸ’ ğŸ», persontippinghandlightskintone 
ğŸ’ ğŸ¾, persontippinghandmediumdarkskintone 
ğŸ’ ğŸ¼, persontippinghandmediumlightskintone 
ğŸ’ ğŸ½, persontippinghandmediumskintone 
ğŸš¶ ğŸ¿, personwalkingdarkskintone 
ğŸš¶ ğŸ», personwalkinglightskintone 
ğŸš¶ ğŸ¾, personwalkingmediumdarkskintone 
ğŸš¶ ğŸ¼, personwalkingmediumlightskintone 
ğŸš¶ ğŸ½, personwalkingmediumskintone 
ğŸ‘³ ğŸ¿, personwearingturbandarkskintone 
ğŸ‘³ ğŸ», personwearingturbanlightskintone 
ğŸ‘³ ğŸ¾, personwearingturbanmediumdarkskintone 
ğŸ‘³ ğŸ¼, personwearingturbanmediumlightskintone 
ğŸ‘³ ğŸ½, personwearingturbanmediumskintone 
ğŸ¤¸, personcartwheeling 
ğŸ‘³, personwearingturban 
ğŸš¶, personwalking 
ğŸ’, persontippinghand 
ğŸ›€, persontakingbath 
ğŸŠ, personswimming 
ğŸ„, personsurfing 
ğŸ¤·, personshrugging 
ğŸ™‡, personbowing 
â›¹, personbouncingball 
ğŸš´, personbiking 
ğŸ¤¦, personfacepalming 
ğŸ¤º, personfencing 
ğŸ™, personfrowning 
ğŸ™…, persongesturingno 
ğŸ™†, persongesturingok 
ğŸ’‡, persongettinghaircut 
ğŸ’†, persongettingmassage 
ğŸŒ, persongolfing 
ğŸ›Œ, personinbed 
ğŸ¤¾, personplayinghandball 
ğŸšµ, personmountainbiking 
ğŸ‹, personliftingweights 
ğŸ¤¹, personjuggling 
ğŸ¤½, personplayingwaterpolo 
ğŸ™, personpouting 
ğŸ™‹, personraisinghand 
ğŸš£, personrowingboat 
ğŸƒ, personrunning 
ğŸ‘¢, womansboot 
ğŸ‘š, womansclothes 
ğŸ‘’, womanshat 
ğŸ‘¡, womanssandal 
ğŸ‘¯ â€ â™€ ï¸, womenwithbunnyearspartying 
ğŸ¤¼ â€ â™€ ï¸, womenwrestling 
ğŸ‘©, woman 
ğŸŸ, admissiontickets 
ğŸš¡, aerialtramway 
âœˆ, airplane 
ğŸ›¬, airplanearrival 
ğŸ›«, airplanedeparture 
â°, alarmclock 
âš—, alembic 
ğŸ‘½, alien 
ğŸ‘¾, alienmonster 
ğŸš‘, ambulance 
ğŸˆ, americanfootball 
ğŸº, amphora 
âš“, anchor 
ğŸ’¢, angersymbol 
ğŸ˜ , angryface 
ğŸ‘¿, angryfacewithhorns 
ğŸ˜§, anguishedface 
ğŸœ, ant 
ğŸ“¶, antennabars 
ğŸ”„, anticlockwisearrowsbutton 
ğŸš›, articulatedlorry 
ğŸ¨, artistpalette 
ğŸ˜², astonishedface 
âš›, atomsymbol 
ğŸš—, automobile 
ğŸ¥‘, avocado 
ğŸ‘¶ ğŸ¿, babydarkskintone 
ğŸ‘¶ ğŸ», babylightskintone 
ğŸ‘¶ ğŸ¾, babymediumdarkskintone 
ğŸ‘¶ ğŸ¼, babymediumlightskintone 
ğŸ‘¶ ğŸ½, babymediumskintone 
ğŸ‘¶, baby 
ğŸ‘¼ ğŸ¿, babyangeldarkskintone 
ğŸ‘¼ ğŸ», babyangellightskintone 
ğŸ‘¼ ğŸ¾, babyangelmediumdarkskintone 
ğŸ‘¼ ğŸ¼, babyangelmediumlightskintone 
ğŸ‘¼ ğŸ½, babyangelmediumskintone 
ğŸ‘¼, babyangel 
ğŸ¼, babybottle 
ğŸ¤, babychick 
ğŸš¼, babysymbol 
ğŸ‘‡ ğŸ¿, backhandindexpointingdowndarkskintone 
ğŸ‘‡ ğŸ», backhandindexpointingdownlightskintone 
ğŸ‘‡ ğŸ¾, backhandindexpointingdownmediumdarkskintone 
ğŸ‘‡ ğŸ¼, backhandindexpointingdownmediumlightskintone 
ğŸ‘‡ ğŸ½, backhandindexpointingdownmediumskintone 
ğŸ‘ˆ ğŸ¿, backhandindexpointingleftdarkskintone 
ğŸ‘ˆ ğŸ», backhandindexpointingleftlightskintone 
ğŸ‘ˆ ğŸ¾, backhandindexpointingleftmediumdarkskintone 
ğŸ‘ˆ ğŸ¼, backhandindexpointingleftmediumlightskintone 
ğŸ‘ˆ ğŸ½, backhandindexpointingleftmediumskintone 
ğŸ‘‰ ğŸ¿, backhandindexpointingrightdarkskintone 
ğŸ‘‰ ğŸ», backhandindexpointingrightlightskintone 
ğŸ‘‰ ğŸ¾, backhandindexpointingrightmediumdarkskintone 
ğŸ‘‰ ğŸ¼, backhandindexpointingrightmediumlightskintone 
ğŸ‘‰ ğŸ½, backhandindexpointingrightmediumskintone 
ğŸ‘† ğŸ¿, backhandindexpointingupdarkskintone 
ğŸ‘† ğŸ», backhandindexpointinguplightskintone 
ğŸ‘† ğŸ¾, backhandindexpointingupmediumdarkskintone 
ğŸ‘† ğŸ¼, backhandindexpointingupmediumlightskintone 
ğŸ‘† ğŸ½, backhandindexpointingupmediumskintone 
ğŸ‘‡, backhandindexpointingdown 
ğŸ‘ˆ, backhandindexpointingleft 
ğŸ‘‰, backhandindexpointingright 
ğŸ‘†, backhandindexpointingup 
ğŸ¥“, bacon 
ğŸ¸, badminton 
ğŸ›„, baggageclaim 
ğŸ¥–, baguettebread 
âš–, balancescale 
ğŸˆ, balloon 
ğŸ—³, ballotboxwithballot 
â˜‘, ballotboxwithcheck 
ğŸŒ, banana 
ğŸ¦, bank 
ğŸ“Š, barchart 
ğŸ’ˆ, barberpole 
âš¾, baseball 
ğŸ€, basketball 
ğŸ¦‡, bat 
ğŸ›, bathtub 
ğŸ”‹, battery 
ğŸ–, beachwithumbrella 
ğŸ», bearface 
ğŸ’“, beatingheart 
ğŸ›, bed 
ğŸº, beermug 
ğŸ””, bell 
ğŸ”•, bellwithslash 
ğŸ›, bellhopbell 
ğŸ±, bentobox 
ğŸš², bicycle 
ğŸ‘™, bikini 
â˜£, biohazard 
ğŸ¦, bird 
ğŸ‚, birthdaycake 
âš«, blackcircle 
ğŸ´, blackflag 
ğŸ–¤, blackheart 
â¬›, blacklargesquare 
â—¾, blackmediumsmallsquare 
â—¼, blackmediumsquare 
âœ’, blacknib 
â–ª, blacksmallsquare 
ğŸ”², blacksquarebutton 
ğŸ‘± ğŸ¿ â€ â™‚ ï¸, blondhairedmandarkskintone 
ğŸ‘± ğŸ» â€ â™‚ ï¸, blondhairedmanlightskintone 
ğŸ‘± ğŸ¾ â€ â™‚ ï¸, blondhairedmanmediumdarkskintone 
ğŸ‘± ğŸ¼ â€ â™‚ ï¸, blondhairedmanmediumlightskintone 
ğŸ‘± ğŸ½ â€ â™‚ ï¸, blondhairedmanmediumskintone 
ğŸ‘± â€ â™‚ ï¸, blondhairedman 
ğŸ‘± ğŸ¿, blondhairedpersondarkskintone 
ğŸ‘± ğŸ», blondhairedpersonlightskintone 
ğŸ‘± ğŸ¾, blondhairedpersonmediumdarkskintone 
ğŸ‘± ğŸ¼, blondhairedpersonmediumlightskintone 
ğŸ‘± ğŸ½, blondhairedpersonmediumskintone 
ğŸ‘±, blondhairedperson 
ğŸ‘± ğŸ¿ â€ â™€ ï¸, blondhairedwomandarkskintone 
ğŸ‘± ğŸ» â€ â™€ ï¸, blondhairedwomanlightskintone 
ğŸ‘± ğŸ¾ â€ â™€ ï¸, blondhairedwomanmediumdarkskintone 
ğŸ‘± ğŸ¼ â€ â™€ ï¸, blondhairedwomanmediumlightskintone 
ğŸ‘± ğŸ½ â€ â™€ ï¸, blondhairedwomanmediumskintone 
ğŸ‘± â€ â™€ ï¸, blondhairedwoman 
ğŸŒ¼, blossom 
ğŸ¡, blowfish 
ğŸ“˜, bluebook 
ğŸ”µ, bluecircle 
ğŸ’™, blueheart 
ğŸ—, boar 
ğŸ’£, bomb 
ğŸ”–, bookmark 
ğŸ“‘, bookmarktabs 
ğŸ“š, books 
ğŸ¾, bottlewithpoppingcork 
ğŸ’, bouquet 
ğŸ¹, bowandarrow 
ğŸ³, bowling 
ğŸ¥Š, boxingglove 
ğŸ‘¦ ğŸ¿, boydarkskintone 
ğŸ‘¦ ğŸ», boylightskintone 
ğŸ‘¦ ğŸ¾, boymediumdarkskintone 
ğŸ‘¦ ğŸ¼, boymediumlightskintone 
ğŸ‘¦ ğŸ½, boymediumskintone 
ğŸ‘¦, boy 
ğŸ, bread 
ğŸ‘° ğŸ¿, bridewithveildarkskintone 
ğŸ‘° ğŸ», bridewithveillightskintone 
ğŸ‘° ğŸ¾, bridewithveilmediumdarkskintone 
ğŸ‘° ğŸ¼, bridewithveilmediumlightskintone 
ğŸ‘° ğŸ½, bridewithveilmediumskintone 
ğŸ‘°, bridewithveil 
ğŸŒ‰, bridgeatnight 
ğŸ’¼, briefcase 
ğŸ”†, brightbutton 
ğŸ’”, brokenheart 
ğŸ›, bug 
ğŸ—, buildingconstruction 
ğŸŒ¯, burrito 
ğŸšŒ, bus 
ğŸš, busstop 
ğŸ‘¤, bustinsilhouette 
ğŸ‘¥, bustsinsilhouette 
ğŸ¦‹, butterfly 
ğŸŒµ, cactus 
ğŸ“…, calendar 
ğŸ¤™ ğŸ¿, callmehanddarkskintone 
ğŸ¤™ ğŸ», callmehandlightskintone 
ğŸ¤™ ğŸ¾, callmehandmediumdarkskintone 
ğŸ¤™ ğŸ¼, callmehandmediumlightskintone 
ğŸ¤™ ğŸ½, callmehandmediumskintone 
ğŸ¤™, callmehand 
ğŸª, camel 
ğŸ“·, camera 
ğŸ“¸, camerawithflash 
ğŸ•, camping 
ğŸ•¯, candle 
ğŸ¬, candy 
ğŸ›¶, canoe 
ğŸ—ƒ, cardfilebox 
ğŸ“‡, cardindex 
ğŸ—‚, cardindexdividers 
ğŸ , carouselhorse 
ğŸ, carpstreamer 
ğŸ¥•, carrot 
ğŸ°, castle 
ğŸˆ, cat 
ğŸ±, catface 
ğŸ˜¹, catfacewithtearsofjoy 
ğŸ˜¼, catfacewithwrysmile 
â›“, chains 
ğŸ“‰, chartdecreasing 
ğŸ“ˆ, chartincreasing 
ğŸ’¹, chartincreasingwithyen 
ğŸ§€, cheesewedge 
ğŸ, chequeredflag 
ğŸ’, cherries 
ğŸŒ¸, cherryblossom 
ğŸŒ°, chestnut 
ğŸ”, chicken 
ğŸš¸, childrencrossing 
ğŸ¿, chipmunk 
ğŸ«, chocolatebar 
â›ª, church 
ğŸš¬, cigarette 
ğŸ¦, cinema 
â“‚, circledm 
ğŸª, circustent 
ğŸ™, cityscape 
ğŸŒ†, cityscapeatdusk 
ğŸ—œ, clamp 
ğŸ¬, clapperboard 
ğŸ‘ ğŸ¿, clappinghandsdarkskintone 
ğŸ‘ ğŸ», clappinghandslightskintone 
ğŸ‘ ğŸ¾, clappinghandsmediumdarkskintone 
ğŸ‘ ğŸ¼, clappinghandsmediumlightskintone 
ğŸ‘ ğŸ½, clappinghandsmediumskintone 
ğŸ‘, clappinghands 
ğŸ›, classicalbuilding 
ğŸ», clinkingbeermugs 
ğŸ¥‚, clinkingglasses 
ğŸ“‹, clipboard 
ğŸ”ƒ, clockwiseverticalarrows 
ğŸ“•, closedbook 
ğŸ“ª, closedmailboxwithloweredflag 
ğŸ“«, closedmailboxwithraisedflag 
ğŸŒ‚, closedumbrella 
â˜, cloud 
ğŸŒ©, cloudwithlightning 
â›ˆ, cloudwithlightningandrain 
ğŸŒ§, cloudwithrain 
ğŸŒ¨, cloudwithsnow 
ğŸ¤¡, clownface 
â™£, clubsuit 
ğŸ‘, clutchbag 
ğŸ¸, cocktailglass 
âš°, coffin 
ğŸ’¥, collision 
â˜„, comet 
ğŸ’½, computerdisk 
ğŸ–±, computermouse 
ğŸŠ, confettiball 
ğŸ˜–, confoundedface 
ğŸ˜•, confusedface 
ğŸš§, construction 
ğŸ‘· ğŸ¿, constructionworkerdarkskintone 
ğŸ‘· ğŸ», constructionworkerlightskintone 
ğŸ‘· ğŸ¾, constructionworkermediumdarkskintone 
ğŸ‘· ğŸ¼, constructionworkermediumlightskintone 
ğŸ‘· ğŸ½, constructionworkermediumskintone 
ğŸ‘·, constructionworker 
ğŸ›, controlknobs 
ğŸª, conveniencestore 
ğŸš, cookedrice 
ğŸª, cookie 
ğŸ³, cooking 
Â©, copyright 
ğŸ›‹, couchandlamp 
ğŸ’‘, couplewithheart 
ğŸ‘¨ â€ â¤ ï¸ â€ ğŸ‘¨, couplewithheartmanman 
ğŸ‘© â€ â¤ ï¸ â€ ğŸ‘¨, couplewithheartwomanman 
ğŸ‘© â€ â¤ ï¸ â€ ğŸ‘©, couplewithheartwomanwoman 
ğŸ„, cow 
ğŸ®, cowface 
ğŸ¤ , cowboyhatface 
ğŸ¦€, crab 
ğŸ–, crayon 
ğŸ’³, creditcard 
ğŸŒ™, crescentmoon 
ğŸ, cricket 
ğŸŠ, crocodile 
ğŸ¥, croissant 
âŒ, crossmark 
â, crossmarkbutton 
ğŸ¤ ğŸ¿, crossedfingersdarkskintone 
ğŸ¤ ğŸ», crossedfingerslightskintone 
ğŸ¤ ğŸ¾, crossedfingersmediumdarkskintone 
ğŸ¤ ğŸ¼, crossedfingersmediumlightskintone 
ğŸ¤ ğŸ½, crossedfingersmediumskintone 
ğŸ¤, crossedfingers 
ğŸŒ, crossedflags 
âš”, crossedswords 
ğŸ‘‘, crown 
ğŸ˜¿, cryingcatface 
ğŸ˜¢, cryingface 
ğŸ”®, crystalball 
ğŸ¥’, cucumber 
â°, curlyloop 
ğŸ’±, currencyexchange 
ğŸ›, curryrice 
ğŸ®, custard 
ğŸ›ƒ, customs 
ğŸŒ€, cyclone 
ğŸ—¡, dagger 
ğŸ¡, dango 
ğŸ’¨, dashingaway 
ğŸŒ³, deciduoustree 
ğŸ¦Œ, deer 
ğŸšš, deliverytruck 
ğŸ¬, departmentstore 
ğŸš, derelicthouse 
ğŸœ, desert 
ğŸ, desertisland 
ğŸ–¥, desktopcomputer 
ğŸ•µ ğŸ¿, detectivedarkskintone 
ğŸ•µ ğŸ», detectivelightskintone 
ğŸ•µ ğŸ¾, detectivemediumdarkskintone 
ğŸ•µ ğŸ¼, detectivemediumlightskintone 
ğŸ•µ ğŸ½, detectivemediumskintone 
ğŸ•µ, detective 
â™¦, diamondsuit 
ğŸ’ , diamondwithadot 
ğŸ”…, dimbutton 
ğŸ¯, directhit 
ğŸ˜¥, disappointedbutrelievedface 
ğŸ˜, disappointedface 
ğŸ’«, dizzy 
ğŸ˜µ, dizzyface 
ğŸ•, dog 
ğŸ¶, dogface 
ğŸ’µ, dollarbanknote 
ğŸ¬, dolphin 
ğŸšª, door 
ğŸ”¯, dottedsixpointedstar 
â¿, doublecurlyloop 
â€¼, doubleexclamationmark 
ğŸ©, doughnut 
ğŸ•Š, dove 
â†™, downleftarrow 
â†˜, downrightarrow 
â¬‡, downarrow 
ğŸ”½, downbutton 
ğŸ‰, dragon 
ğŸ², dragonface 
ğŸ‘—, dress 
ğŸ¤¤, droolingface 
ğŸ’§, droplet 
ğŸ¥, drum 
ğŸ¦†, duck 
ğŸ“€, dvd 
ğŸ“§, email 
ğŸ¦…, eagle 
ğŸ‘‚ ğŸ¿, eardarkskintone 
ğŸ‘‚ ğŸ», earlightskintone 
ğŸ‘‚ ğŸ¾, earmediumdarkskintone 
ğŸ‘‚ ğŸ¼, earmediumlightskintone 
ğŸ‘‚ ğŸ½, earmediumskintone 
ğŸ‘‚, ear 
ğŸŒ½, earofcorn 
ğŸ¥š, egg 
ğŸ†, eggplant 
âœ´, eightpointedstar 
âœ³, eightspokedasterisk 
ğŸ•£, eightthirty 
ğŸ•—, eight oclock 
â, ejectbutton 
ğŸ”Œ, electricplug 
ğŸ˜, elephant 
ğŸ•¦, eleventhirty 
ğŸ•š, elevenoclock 
âœ‰, envelope 
ğŸ“©, envelopewitharrow 
ğŸ’¶, eurobanknote 
ğŸŒ², evergreentree 
â—, exclamationmark 
â‰, exclamationquestionmark 
ğŸ˜‘, expressionlessface 
ğŸ‘, eye 
ğŸ‘ ï¸ â€ ğŸ—¨ ï¸, eyeinspeechbubble 
ğŸ‘€, eyes 
ğŸ˜˜, faceblowingakiss 
ğŸ˜‹, facesavouringdeliciousfood 
ğŸ˜±, facescreaminginfear 
ğŸ˜“, facewithcoldsweat 
ğŸ¤•, facewithheadbandage 
ğŸ˜·, facewithmedicalmask 
ğŸ˜®, facewithopenmouth 
ğŸ˜°, facewithopenmouthcoldsweat 
ğŸ™„, facewithrollingeyes 
ğŸ˜¤, facewithsteamfromnose 
ğŸ˜›, facewithstuckouttongue 
ğŸ˜, facewithstuckouttongueclosedeyes 
ğŸ˜œ, facewithstuckouttonguewinkingeye 
ğŸ˜‚, facewithtearsofjoy 
ğŸ¤’, facewiththermometer 
ğŸ˜¶, facewithoutmouth 
ğŸ­, factory 
ğŸ‚, fallenleaf 
ğŸ‘ª, family 
ğŸ‘¨ â€ ğŸ‘¦ â€ ğŸ‘¦, familymanboyboy 
ğŸ‘¨ â€ ğŸ‘¦, familymanboy 
ğŸ‘¨ â€ ğŸ‘§, familymangirl 
ğŸ‘¨ â€ ğŸ‘§ â€ ğŸ‘¦, familymangirlboy 
ğŸ‘¨ â€ ğŸ‘§ â€ ğŸ‘§, familymangirlgirl 
ğŸ‘¨ â€ ğŸ‘¨ â€ ğŸ‘¦, familymanmanboy 
ğŸ‘¨ â€ ğŸ‘¨ â€ ğŸ‘¦ â€ ğŸ‘¦, familymanmanboyboy 
ğŸ‘¨ â€ ğŸ‘¨ â€ ğŸ‘§, familymanmangirl 
ğŸ‘¨ â€ ğŸ‘¨ â€ ğŸ‘§ â€ ğŸ‘¦, familymanmangirlboy 
ğŸ‘¨ â€ ğŸ‘¨ â€ ğŸ‘§ â€ ğŸ‘§, familymanmangirlgirl 
ğŸ‘¨ â€ ğŸ‘© â€ ğŸ‘¦, familymanwomanboy 
ğŸ‘¨ â€ ğŸ‘© â€ ğŸ‘¦ â€ ğŸ‘¦, familymanwomanboyboy 
ğŸ‘¨ â€ ğŸ‘© â€ ğŸ‘§, familymanwomangirl 
ğŸ‘¨ â€ ğŸ‘© â€ ğŸ‘§ â€ ğŸ‘¦, familymanwomangirlboy 
ğŸ‘¨ â€ ğŸ‘© â€ ğŸ‘§ â€ ğŸ‘§, familymanwomangirlgirl 
ğŸ‘© â€ ğŸ‘¦, familywomanboy 
ğŸ‘© â€ ğŸ‘¦ â€ ğŸ‘¦, familywomanboyboy 
ğŸ‘© â€ ğŸ‘§, familywomangirl 
ğŸ‘© â€ ğŸ‘§ â€ ğŸ‘¦, familywomangirlboy 
ğŸ‘© â€ ğŸ‘§ â€ ğŸ‘§, familywomangirlgirl 
ğŸ‘© â€ ğŸ‘© â€ ğŸ‘¦, familywomanwomanboy 
ğŸ‘© â€ ğŸ‘© â€ ğŸ‘¦ â€ ğŸ‘¦, familywomanwomanboyboy 
ğŸ‘© â€ ğŸ‘© â€ ğŸ‘§, familywomanwomangirl 
ğŸ‘© â€ ğŸ‘© â€ ğŸ‘§ â€ ğŸ‘¦, familywomanwomangirlboy 
ğŸ‘© â€ ğŸ‘© â€ ğŸ‘§ â€ ğŸ‘§, familywomanwomangirlgirl 
â©, fastforwardbutton 
â¬, fastdownbutton 
âª, fastreversebutton 
â«, fastupbutton 
ğŸ“ , faxmachine 
ğŸ˜¨, fearfulface 
ğŸ¡, ferriswheel 
â›´, ferry 
ğŸ‘, fieldhockey 
ğŸ—„, filecabinet 
ğŸ“, filefolder 
ğŸ, filmframes 
ğŸ“½, filmprojector 
ğŸ”¥, fire 
ğŸš’, fireengine 
ğŸ†, fireworks 
ğŸŒ“, firstquartermoon 
ğŸŒ›, firstquartermoonwithface 
ğŸŸ, fish 
ğŸ¥, fishcakewithswirl 
ğŸ£, fishingpole 
ğŸ• , fivethirty 
ğŸ•”, fiveoclock 
â›³, flaginhole 
ğŸ”¦, flashlight 
âšœ, fleurdelis 
ğŸ’ª ğŸ¿, flexedbicepsdarkskintone 
ğŸ’ª ğŸ», flexedbicepslightskintone 
ğŸ’ª ğŸ¾, flexedbicepsmediumdarkskintone 
ğŸ’ª ğŸ¼, flexedbicepsmediumlightskintone 
ğŸ’ª ğŸ½, flexedbicepsmediumskintone 
ğŸ’ª, flexedbiceps 
ğŸ’¾, floppydisk 
ğŸ´, flowerplayingcards 
ğŸ˜³, flushedface 
ğŸŒ«, fog 
ğŸŒ, foggy 
ğŸ™ ğŸ¿, foldedhandsdarkskintone 
ğŸ™ ğŸ», foldedhandslightskintone 
ğŸ™ ğŸ¾, foldedhandsmediumdarkskintone 
ğŸ™ ğŸ¼, foldedhandsmediumlightskintone 
ğŸ™ ğŸ½, foldedhandsmediumskintone 
ğŸ™, foldedhands 
ğŸ‘£, footprints 
ğŸ´, forkandknife 
ğŸ½, forkandknifewithplate 
â›², fountain 
ğŸ–‹, fountainpen 
ğŸ•Ÿ, fourthirty 
ğŸ€, fourleafclover 
ğŸ•“, fouroclock 
ğŸ¦Š, foxface 
ğŸ–¼, framedpicture 
ğŸŸ, frenchfries 
ğŸ¤, friedshrimp 
ğŸ¸, frogface 
ğŸ¥, frontfacingbabychick 
â˜¹, frowningface 
ğŸ˜¦, frowningfacewithopenmouth 
â›½, fuelpump 
ğŸŒ•, fullmoon 
ğŸŒ, fullmoonwithface 
âš±, funeralurn 
ğŸ², gamedie 
âš™, gear 
ğŸ’, gemstone 
ğŸ‘», ghost 
ğŸ‘§ ğŸ¿, girldarkskintone 
ğŸ‘§ ğŸ», girllightskintone 
ğŸ‘§ ğŸ¾, girlmediumdarkskintone 
ğŸ‘§ ğŸ¼, girlmediumlightskintone 
ğŸ‘§ ğŸ½, girlmediumskintone 
ğŸ‘§, girl 
ğŸ¥›, glassofmilk 
ğŸ‘“, glasses 
ğŸŒ, globeshowingamericas 
ğŸŒ, globeshowingasiaaustralia 
ğŸŒ, globeshowingeuropeafrica 
ğŸŒ, globewithmeridians 
ğŸŒŸ, glowingstar 
ğŸ¥…, goalnet 
ğŸ, goat 
ğŸ‘º, goblin 
ğŸ¦, gorilla 
ğŸ“, graduationcap 
ğŸ‡, grapes 
ğŸ, greenapple 
ğŸ“—, greenbook 
ğŸ’š, greenheart 
ğŸ¥—, greensalad 
ğŸ˜¬, grimacingface 
ğŸ˜¸, grinningcatfacewithsmilingeyes 
ğŸ˜€, grinningface 
ğŸ˜, grinningfacewithsmilingeyes 
ğŸ’—, growingheart 
ğŸ’‚ ğŸ¿, guarddarkskintone 
ğŸ’‚ ğŸ», guardlightskintone 
ğŸ’‚ ğŸ¾, guardmediumdarkskintone 
ğŸ’‚ ğŸ¼, guardmediumlightskintone 
ğŸ’‚ ğŸ½, guardmediumskintone 
ğŸ’‚, guard 
ğŸ¸, guitar 
ğŸ”, hamburger 
ğŸ”¨, hammer 
âš’, hammerandpick 
ğŸ› , hammerandwrench 
ğŸ¹, hamsterface 
ğŸ‘œ, handbag 
ğŸ¤, handshake 
ğŸ£, hatchingchick 
ğŸ§, headphone 
ğŸ™‰, hearnoevilmonkey 
ğŸ’Ÿ, heartdecoration 
â™¥, heartsuit 
ğŸ’˜, heartwitharrow 
ğŸ’, heartwithribbon 
âœ”, heavycheckmark 
â—, heavydivisionsign 
ğŸ’², heavydollarsign 
â£, heavyheartexclamation 
â­•, heavylargecircle 
â–, heavyminussign 
âœ–, heavymultiplicationx 
â•, heavyplussign 
ğŸš, helicopter 
ğŸŒ¿, herb 
ğŸŒº, hibiscus 
ğŸ‘ , highheeledshoe 
ğŸš„, highspeedtrain 
ğŸš…, highspeedtrainwithbulletnose 
âš¡, highvoltage 
ğŸ•³, hole 
ğŸ¯, honeypot 
ğŸ, honeybee 
ğŸš¥, horizontaltrafficlight 
ğŸ, horse 
ğŸ´, horseface 
ğŸ‡ ğŸ¿, horseracingdarkskintone 
ğŸ‡ ğŸ», horseracinglightskintone 
ğŸ‡ ğŸ¾, horseracingmediumdarkskintone 
ğŸ‡ ğŸ¼, horseracingmediumlightskintone 
ğŸ‡ ğŸ½, horseracingmediumskintone 
ğŸ‡, horseracing 
ğŸ¥, hospital 
â˜•, hotbeverage 
ğŸŒ­, hotdog 
ğŸŒ¶, hotpepper 
â™¨, hotsprings 
ğŸ¨, hotel 
âŒ›, hourglass 
â³, hourglasswithflowingsand 
ğŸ , house 
ğŸ¡, housewithgarden 
ğŸ¤—, huggingface 
ğŸ’¯, hundredpoints 
ğŸ˜¯, hushedface 
ğŸ¨, icecream 
ğŸ’, icehockey 
â›¸, iceskate 
ğŸ“¥, inboxtray 
ğŸ“¨, incomingenvelope 
â˜ ğŸ¿, indexpointingupdarkskintone 
â˜ ğŸ», indexpointinguplightskintone 
â˜ ğŸ¾, indexpointingupmediumdarkskintone 
â˜ ğŸ¼, indexpointingupmediumlightskintone 
â˜ ğŸ½, indexpointingupmediumskintone 
â˜, indexpointingup 
â„¹, information 
ğŸ”¤, inputlatinletters 
ğŸ”¡, inputlatinlowercase 
ğŸ” , inputlatinuppercase 
ğŸ”¢, inputnumbers 
ğŸ”£, inputsymbols 
ğŸƒ, jackolantern 
ğŸ‘–, jeans 
ğŸƒ, joker 
ğŸ•¹, joystick 
ğŸ•‹, kaaba 
ğŸ”‘, key 
âŒ¨, keyboard 
# ï¸ âƒ£, keycap# 
* ï¸ âƒ£, keycap* 
0 ï¸ âƒ£, keycap0 
1 ï¸ âƒ£, keycap1 
ğŸ”Ÿ, keycap10 
2 ï¸ âƒ£, keycap2 
3 ï¸ âƒ£, keycap3 
4 ï¸ âƒ£, keycap4 
5 ï¸ âƒ£, keycap5 
6 ï¸ âƒ£, keycap6 
7 ï¸ âƒ£, keycap7 
8 ï¸ âƒ£, keycap8 
9 ï¸ âƒ£, keycap9 
ğŸ›´, kickscooter 
ğŸ‘˜, kimono 
ğŸ’, kiss 
ğŸ‘¨ â€ â¤ ï¸ â€ ğŸ’‹ â€ ğŸ‘¨, kissmanman 
ğŸ’‹, kissmark 
ğŸ‘© â€ â¤ ï¸ â€ ğŸ’‹ â€ ğŸ‘¨, kisswomanman 
ğŸ‘© â€ â¤ ï¸ â€ ğŸ’‹ â€ ğŸ‘©, kisswomanwoman 
ğŸ˜½, kissingcatfacewithclosedeyes 
ğŸ˜—, kissingface 
ğŸ˜š, kissingfacewithclosedeyes 
ğŸ˜™, kissingfacewithsmilingeyes 
ğŸ”ª, kitchenknife 
ğŸ¥, kiwifruit 
ğŸ¨, koala 
ğŸ·, label 
ğŸ, ladybeetle 
ğŸ’», laptopcomputer 
ğŸ”·, largebluediamond 
ğŸ”¶, largeorangediamond 
ğŸŒ—, lastquartermoon 
ğŸŒœ, lastquartermoonwithface 
â®, lasttrackbutton 
âœ, latincross 
ğŸƒ, leafflutteringinwind 
ğŸ“’, ledger 
ğŸ¤› ğŸ¿, leftfacingfistdarkskintone 
ğŸ¤› ğŸ», leftfacingfistlightskintone 
ğŸ¤› ğŸ¾, leftfacingfistmediumdarkskintone 
ğŸ¤› ğŸ¼, leftfacingfistmediumlightskintone 
ğŸ¤› ğŸ½, leftfacingfistmediumskintone 
ğŸ¤›, leftfacingfist 
ğŸ”, leftpointingmagnifyingglass 
â†”, leftrightarrow 
â¬…, leftarrow 
â†ª, leftarrowcurvingright 
ğŸ›…, leftluggage 
ğŸ—¨, leftspeechbubble 
ğŸ‹, lemon 
ğŸ†, leopard 
ğŸš, levelslider 
ğŸ’¡, lightbulb 
ğŸšˆ, lightrail 
ğŸ”—, link 
ğŸ–‡, linkedpaperclips 
ğŸ¦, lionface 
ğŸ’„, lipstick 
ğŸš®, litterinbinsign 
ğŸ¦, lizard 
ğŸ”’, locked 
ğŸ”, lockedwithkey 
ğŸ”, lockedwithpen 
ğŸš‚, locomotive 
ğŸ­, lollipop 
ğŸ˜­, loudlycryingface 
ğŸ“¢, loudspeaker 
ğŸ©, lovehotel 
ğŸ’Œ, loveletter 
ğŸ¤¥, lyingface 
ğŸ€„, mahjongreddragon 
ğŸ‘«, manandwomanholdinghands 
ğŸ•°, mantelpiececlock 
ğŸ‘, mansshoe 
ğŸ—¾, mapofjapan 
ğŸ, mapleleaf 
ğŸ¥‹, martialartsuniform 
ğŸ–, meatonbone 
âš•, medicalsymbol 
ğŸ“£, megaphone 
ğŸˆ, melon 
ğŸ“, memo 
ğŸ‘¯ â€ â™‚ ï¸, menwithbunnyearspartying 
ğŸ¤¼ â€ â™‚ ï¸, menwrestling 
ğŸ•, menorah 
ğŸš¹, mensroom 
ğŸš‡, metro 
ğŸ¤, microphone 
ğŸ”¬, microscope 
ğŸ–• ğŸ¿, middlefingerdarkskintone 
ğŸ–• ğŸ», middlefingerlightskintone 
ğŸ–• ğŸ¾, middlefingermediumdarkskintone 
ğŸ–• ğŸ¼, middlefingermediumlightskintone 
ğŸ–• ğŸ½, middlefingermediumskintone 
ğŸ–•, middlefinger 
ğŸ–, militarymedal 
ğŸŒŒ, milkyway 
ğŸš, minibus 
ğŸ—¿, moai 
ğŸ“±, mobilephone 
ğŸ“´, mobilephoneoff 
ğŸ“², mobilephonewitharrow 
ğŸ¤‘, moneymouthface 
ğŸ’°, moneybag 
ğŸ’¸, moneywithwings 
ğŸ’, monkey 
ğŸµ, monkeyface 
ğŸš, monorail 
ğŸ‘, moonviewingceremony 
ğŸ•Œ, mosque 
ğŸ›¥, motorboat 
ğŸ›µ, motorscooter 
ğŸ, motorcycle 
ğŸ›£, motorway 
ğŸ—», mountfuji 
â›°, mountain 
ğŸš , mountaincableway 
ğŸš, mountainrailway 
ğŸ, mouse 
ğŸ­, mouseface 
ğŸ‘„, mouth 
ğŸ¥, moviecamera 
ğŸ„, mushroom 
ğŸ¹, musicalkeyboard 
ğŸµ, musicalnote 
ğŸ¶, musicalnotes 
ğŸ¼, musicalscore 
ğŸ”‡, mutedspeaker 
ğŸ’… ğŸ¿, nailpolishdarkskintone 
ğŸ’… ğŸ», nailpolishlightskintone 
ğŸ’… ğŸ¾, nailpolishmediumdarkskintone 
ğŸ’… ğŸ¼, nailpolishmediumlightskintone 
ğŸ’… ğŸ½, nailpolishmediumskintone 
ğŸ’…, nailpolish 
ğŸ“›, namebadge 
ğŸ, nationalpark 
ğŸ¤¢, nauseatedface 
ğŸ‘”, necktie 
ğŸ¤“, nerdface 
ğŸ˜, neutralface 
ğŸŒ‘, newmoon 
ğŸŒš, newmoonface 
ğŸ“°, newspaper 
â­, nexttrackbutton 
ğŸŒƒ, nightwithstars 
ğŸ•¤, ninethirty 
ğŸ•˜, nineoclock 
ğŸš³, nobicycles 
â›”, noentry 
ğŸš¯, nolittering 
ğŸ“µ, nomobilephones 
ğŸ”, nooneundereighteen 
ğŸš·, nopedestrians 
ğŸš­, nosmoking 
ğŸš±, nonpotablewater 
ğŸ‘ƒ ğŸ¿, nosedarkskintone 
ğŸ‘ƒ ğŸ», noselightskintone 
ğŸ‘ƒ ğŸ¾, nosemediumdarkskintone 
ğŸ‘ƒ ğŸ¼, nosemediumlightskintone 
ğŸ‘ƒ ğŸ½, nosemediumskintone 
ğŸ‘ƒ, nose 
ğŸ““, notebook 
ğŸ“”, notebookwithdecorativecover 
ğŸ”©, nutandbolt 
ğŸ™, octopus 
ğŸ¢, oden 
ğŸ¢, officebuilding 
ğŸ‘¹, ogre 
ğŸ›¢, oildrum 
ğŸ—, oldkey 
ğŸ‘´ ğŸ¿, oldmandarkskintone 
ğŸ‘´ ğŸ», oldmanlightskintone 
ğŸ‘´ ğŸ¾, oldmanmediumdarkskintone 
ğŸ‘´ ğŸ¼, oldmanmediumlightskintone 
ğŸ‘´ ğŸ½, oldmanmediumskintone 
ğŸ‘´, oldman 
ğŸ‘µ ğŸ¿, oldwomandarkskintone 
ğŸ‘µ ğŸ», oldwomanlightskintone 
ğŸ‘µ ğŸ¾, oldwomanmediumdarkskintone 
ğŸ‘µ ğŸ¼, oldwomanmediumlightskintone 
ğŸ‘µ ğŸ½, oldwomanmediumskintone 
ğŸ‘µ, oldwoman 
ğŸ•‰, om 
ğŸš˜, oncomingautomobile 
ğŸš, oncomingbus 
ğŸ‘Š ğŸ¿, oncomingfistdarkskintone 
ğŸ‘Š ğŸ», oncomingfistlightskintone 
ğŸ‘Š ğŸ¾, oncomingfistmediumdarkskintone 
ğŸ‘Š ğŸ¼, oncomingfistmediumlightskintone 
ğŸ‘Š ğŸ½, oncomingfistmediumskintone 
ğŸ‘Š, oncomingfist 
ğŸš”, oncomingpolicecar 
ğŸš–, oncomingtaxi 
ğŸ•œ, onethirty 
ğŸ•, oneoclock 
ğŸ“–, openbook 
ğŸ“‚, openfilefolder 
ğŸ‘ ğŸ¿, openhandsdarkskintone 
ğŸ‘ ğŸ», openhandslightskintone 
ğŸ‘ ğŸ¾, openhandsmediumdarkskintone 
ğŸ‘ ğŸ¼, openhandsmediumlightskintone 
ğŸ‘ ğŸ½, openhandsmediumskintone 
ğŸ‘, openhands 
ğŸ“­, openmailboxwithloweredflag 
ğŸ“¬, openmailboxwithraisedflag 
ğŸ’¿, opticaldisk 
ğŸ“™, orangebook 
â˜¦, orthodoxcross 
ğŸ“¤, outboxtray 
ğŸ¦‰, owl 
ğŸ‚, ox 
ğŸ“¦, package 
ğŸ“„, pagefacingup 
ğŸ“ƒ, pagewithcurl 
ğŸ“Ÿ, pager 
ğŸ–Œ, paintbrush 
ğŸŒ´, palmtree 
ğŸ¥, pancakes 
ğŸ¼, pandaface 
ğŸ“, paperclip 
ã€½, partalternationmark 
ğŸ‰, partypopper 
ğŸ›³, passengership 
ğŸ›‚, passportcontrol 
â¸, pausebutton 
ğŸ¾, pawprints 
â˜®, peacesymbol 
ğŸ‘, peach 
ğŸ¥œ, peanuts 
ğŸ, pear 
ğŸ–Š, pen 
âœ, pencil 
ğŸ§, penguin 
ğŸ˜”, pensiveface 
ğŸ‘¯, peoplewithbunnyearspartying 
ğŸ¤¼, peoplewrestling 
ğŸ­, performingarts 
ğŸ˜£, perseveringface 
â›, pick 
ğŸ–, pig 
ğŸ·, pigface 
ğŸ½, pignose 
ğŸ’©, pileofpoo 
ğŸ’Š, pill 
ğŸ, pinedecoration 
ğŸ, pineapple 
ğŸ“, pingpong 
ğŸ”«, pistol 
ğŸ•, pizza 
ğŸ›, placeofworship 
â–¶, playbutton 
â¯, playorpausebutton 
ğŸš“, policecar 
ğŸš¨, policecarlight 
ğŸ‘® ğŸ¿, policeofficerdarkskintone 
ğŸ‘® ğŸ», policeofficerlightskintone 
ğŸ‘® ğŸ¾, policeofficermediumdarkskintone 
ğŸ‘® ğŸ¼, policeofficermediumlightskintone 
ğŸ‘® ğŸ½, policeofficermediumskintone 
ğŸ‘®, policeofficer 
ğŸ©, poodle 
ğŸ±, pool8ball 
ğŸ¿, popcorn 
ğŸ¤, postoffice 
ğŸ“¯, postalhorn 
ğŸ“®, postbox 
ğŸ², potoffood 
ğŸš°, potablewater 
ğŸ¥”, potato 
ğŸ—, poultryleg 
ğŸ’·, poundbanknote 
ğŸ˜¾, poutingcatface 
ğŸ˜¡, poutingface 
ğŸ“¿, prayerbeads 
ğŸ¤° ğŸ¿, pregnantwomandarkskintone 
ğŸ¤° ğŸ», pregnantwomanlightskintone 
ğŸ¤° ğŸ¾, pregnantwomanmediumdarkskintone 
ğŸ¤° ğŸ¼, pregnantwomanmediumlightskintone 
ğŸ¤° ğŸ½, pregnantwomanmediumskintone 
ğŸ¤°, pregnantwoman 
ğŸ¤´ ğŸ¿, princedarkskintone 
ğŸ¤´ ğŸ», princelightskintone 
ğŸ¤´ ğŸ¾, princemediumdarkskintone 
ğŸ¤´ ğŸ¼, princemediumlightskintone 
ğŸ¤´ ğŸ½, princemediumskintone 
ğŸ‘¸ ğŸ¿, princessdarkskintone 
ğŸ‘¸ ğŸ», princesslightskintone 
ğŸ‘¸ ğŸ¾, princessmediumdarkskintone 
ğŸ‘¸ ğŸ¼, princessmediumlightskintone 
ğŸ‘¸ ğŸ½, princessmediumskintone 
ğŸ‘¸, princess 
ğŸ¤´, prince 
ğŸ–¨, printer 
ğŸš«, prohibited 
ğŸ’œ, purpleheart 
ğŸ‘›, purse 
ğŸ“Œ, pushpin 
â“, questionmark 
ğŸ‡, rabbit 
ğŸ°, rabbitface 
ğŸ, racingcar 
ğŸ“», radio 
ğŸ”˜, radiobutton 
â˜¢, radioactive 
ğŸšƒ, railwaycar 
ğŸ›¤, railwaytrack 
ğŸŒˆ, rainbow 
ğŸ³ ï¸ â€ ğŸŒˆ, rainbowflag 
ğŸ¤š ğŸ¿, raisedbackofhanddarkskintone 
ğŸ¤š ğŸ», raisedbackofhandlightskintone 
ğŸ¤š ğŸ¾, raisedbackofhandmediumdarkskintone 
ğŸ¤š ğŸ¼, raisedbackofhandmediumlightskintone 
ğŸ¤š ğŸ½, raisedbackofhandmediumskintone 
âœŠ ğŸ¿, raisedfistdarkskintone 
âœŠ ğŸ», raisedfistlightskintone 
âœŠ ğŸ¾, raisedfistmediumdarkskintone 
âœŠ ğŸ¼, raisedfistmediumlightskintone 
âœŠ ğŸ½, raisedfistmediumskintone 
âœ‹ ğŸ¿, raisedhanddarkskintone 
âœ‹ ğŸ», raisedhandlightskintone 
âœ‹ ğŸ¾, raisedhandmediumdarkskintone 
âœ‹ ğŸ¼, raisedhandmediumlightskintone 
âœ‹ ğŸ½, raisedhandmediumskintone 
ğŸ–, raisedhandwithfingerssplayed 
ğŸ– ğŸ¿, raisedhandwithfingerssplayeddarkskintone 
ğŸ– ğŸ», raisedhandwithfingerssplayedlightskintone 
ğŸ– ğŸ¾, raisedhandwithfingerssplayedmediumdarkskintone 
ğŸ– ğŸ¼, raisedhandwithfingerssplayedmediumlightskintone 
ğŸ– ğŸ½, raisedhandwithfingerssplayedmediumskintone 
ğŸ™Œ ğŸ¿, raisinghandsdarkskintone 
ğŸ™Œ ğŸ», raisinghandslightskintone 
ğŸ™Œ ğŸ¾, raisinghandsmediumdarkskintone 
ğŸ™Œ ğŸ¼, raisinghandsmediumlightskintone 
ğŸ™Œ ğŸ½, raisinghandsmediumskintone 
ğŸ™Œ, raisinghands 
âœ‹, raisedhand 
âœŠ, raisedfist 
ğŸ¤š, raisedbackofhand 
ğŸ, ram 
ğŸ€, rat 
âº, recordbutton 
â™», recyclingsymbol 
ğŸ, redapple 
ğŸ”´, redcircle 
â¤, redheart 
ğŸ®, redpaperlantern 
ğŸ”», redtrianglepointeddown 
ğŸ”º, redtrianglepointedup 
Â®, registered 
ğŸ˜Œ, relievedface 
ğŸ—, reminderribbon 
ğŸ”, repeatbutton 
ğŸ”‚, repeatsinglebutton 
â›‘, rescueworkershelmet 
ğŸš», restroom 
â—€, reversebutton 
ğŸ’, revolvinghearts 
ğŸ¦, rhinoceros 
ğŸ€, ribbon 
ğŸ™, riceball 
ğŸ˜, ricecracker 
ğŸ¤œ ğŸ¿, rightfacingfistdarkskintone 
ğŸ¤œ ğŸ», rightfacingfistlightskintone 
ğŸ¤œ ğŸ¾, rightfacingfistmediumdarkskintone 
ğŸ¤œ ğŸ¼, rightfacingfistmediumlightskintone 
ğŸ¤œ ğŸ½, rightfacingfistmediumskintone 
ğŸ¤œ, rightfacingfist 
ğŸ”, rightpointingmagnifyingglass 
ğŸ—¯, rightangerbubble 
â¡, rightarrow 
â¤µ, rightarrowcurvingdown 
â†©, rightarrowcurvingleft 
â¤´, rightarrowcurvingup 
ğŸ’, ring 
ğŸ , roastedsweetpotato 
ğŸ¤–, robotface 
ğŸš€, rocket 
ğŸ—, rolledupnewspaper 
ğŸ¢, rollercoaster 
ğŸ¤£, rollingonthefloorlaughing 
ğŸ“, rooster 
ğŸŒ¹, rose 
ğŸµ, rosette 
ğŸ“, roundpushpin 
ğŸ‰, rugbyfootball 
ğŸ½, runningshirt 
ğŸ‘Ÿ, runningshoe 
â›µ, sailboat 
ğŸ¶, sake 
ğŸ›°, satellite 
ğŸ“¡, satelliteantenna 
ğŸ·, saxophone 
ğŸ«, school 
ğŸ’, schoolbackpack 
âœ‚, scissors 
ğŸ¦‚, scorpion 
ğŸ“œ, scroll 
ğŸ’º, seat 
ğŸ™ˆ, seenoevilmonkey 
ğŸŒ±, seedling 
ğŸ¤³ ğŸ¿, selfiedarkskintone 
ğŸ¤³ ğŸ», selfielightskintone 
ğŸ¤³ ğŸ¾, selfiemediumdarkskintone 
ğŸ¤³ ğŸ¼, selfiemediumlightskintone 
ğŸ¤³ ğŸ½, selfiemediumskintone 
ğŸ¤³, selfie 
ğŸ•¢, seventhirty 
ğŸ•–, sevenoclock 
ğŸ¥˜, shallowpanoffood 
â˜˜, shamrock 
ğŸ¦ˆ, shark 
ğŸ§, shavedice 
ğŸŒ¾, sheafofrice 
ğŸ‘, sheep 
ğŸ›¡, shield 
â›©, shintoshrine 
ğŸš¢, ship 
ğŸŒ , shootingstar 
ğŸ›, shoppingbags 
ğŸ›’, shoppingcart 
ğŸ°, shortcake 
ğŸš¿, shower 
ğŸ¦, shrimp 
ğŸ”€, shuffletracksbutton 
ğŸ¤˜ ğŸ¿, signofthehornsdarkskintone 
ğŸ¤˜ ğŸ», signofthehornslightskintone 
ğŸ¤˜ ğŸ¾, signofthehornsmediumdarkskintone 
ğŸ¤˜ ğŸ¼, signofthehornsmediumlightskintone 
ğŸ¤˜ ğŸ½, signofthehornsmediumskintone 
ğŸ¤˜, signofthehorns 
ğŸ•¡, sixthirty 
ğŸ••, sixoclock 
â›·, skier 
ğŸ¿, skis 
ğŸ’€, skull 
â˜ , skullandcrossbones 
ğŸ˜´, sleepingface 
ğŸ˜ª, sleepyface 
ğŸ™, slightlyfrowningface 
ğŸ™‚, slightlysmilingface 
ğŸ°, slotmachine 
ğŸ›©, smallairplane 
ğŸ”¹, smallbluediamond 
ğŸ”¸, smallorangediamond 
ğŸ˜», smilingcatfacewithhearteyes 
ğŸ˜º, smilingcatfacewithopenmouth 
â˜º, smilingface 
ğŸ˜‡, smilingfacewithhalo 
ğŸ˜, smilingfacewithhearteyes 
ğŸ˜ˆ, smilingfacewithhorns 
ğŸ˜ƒ, smilingfacewithopenmouth 
ğŸ˜†, smilingfacewithopenmouthclosedeyes 
ğŸ˜…, smilingfacewithopenmouthcoldsweat 
ğŸ˜„, smilingfacewithopenmouthsmilingeyes 
ğŸ˜Š, smilingfacewithsmilingeyes 
ğŸ˜, smilingfacewithsunglasses 
ğŸ˜, smirkingface 
ğŸŒ, snail 
ğŸ, snake 
ğŸ¤§, sneezingface 
ğŸ”, snowcappedmountain 
ğŸ‚ ğŸ¿, snowboarderdarkskintone 
ğŸ‚ ğŸ», snowboarderlightskintone 
ğŸ‚ ğŸ¾, snowboardermediumdarkskintone 
ğŸ‚ ğŸ¼, snowboardermediumlightskintone 
ğŸ‚ ğŸ½, snowboardermediumskintone 
ğŸ‚, snowboarder 
â„, snowflake 
â˜ƒ, snowman 
â›„, snowmanwithoutsnow 
âš½, soccerball 
ğŸ¦, softicecream 
â™ , spadesuit 
ğŸ, spaghetti 
â‡, sparkle 
ğŸ‡, sparkler 
âœ¨, sparkles 
ğŸ’–, sparklingheart 
ğŸ™Š, speaknoevilmonkey 
ğŸ”Š, speakerhighvolume 
ğŸ”ˆ, speakerlowvolume 
ğŸ”‰, speakermediumvolume 
ğŸ—£, speakinghead 
ğŸ’¬, speechballoon 
ğŸš¤, speedboat 
ğŸ•·, spider 
ğŸ•¸, spiderweb 
ğŸ—“, spiralcalendar 
ğŸ—’, spiralnotepad 
ğŸš, spiralshell 
ğŸ¥„, spoon 
ğŸš™, sportutilityvehicle 
ğŸ…, sportsmedal 
ğŸ³, spoutingwhale 
ğŸ¦‘, squid 
ğŸŸ, stadium 
â˜ª, starandcrescent 
âœ¡, starofdavid 
ğŸš‰, station 
ğŸœ, steamingbowl 
â¹, stopbutton 
ğŸ›‘, stopsign 
â±, stopwatch 
ğŸ“, straightruler 
ğŸ“, strawberry 
ğŸ™, studiomicrophone 
ğŸ¥™, stuffedflatbread 
â˜€, sun 
â›…, sunbehindcloud 
ğŸŒ¥, sunbehindlargecloud 
ğŸŒ¦, sunbehindraincloud 
ğŸŒ¤, sunbehindsmallcloud 
ğŸŒ, sunwithface 
ğŸŒ», sunflower 
ğŸ•¶, sunglasses 
ğŸŒ…, sunrise 
ğŸŒ„, sunriseovermountains 
ğŸŒ‡, sunset 
ğŸ£, sushi 
ğŸšŸ, suspensionrailway 
ğŸ’¦, sweatdroplets 
ğŸ•, synagogue 
ğŸ’‰, syringe 
ğŸ‘•, tshirt 
ğŸŒ®, taco 
ğŸ‹, tanabatatree 
ğŸŠ, tangerine 
ğŸš•, taxi 
ğŸµ, teacupwithouthandle 
ğŸ“†, tearoffcalendar 
â˜, telephone 
ğŸ“, telephonereceiver 
ğŸ”­, telescope 
ğŸ“º, television 
ğŸ•¥, tenthirty 
ğŸ•™, tenoclock 
ğŸ¾, tennis 
â›º, tent 
ğŸŒ¡, thermometer 
ğŸ¤”, thinkingface 
ğŸ’­, thoughtballoon 
ğŸ•, threethirty 
ğŸ•’, threeoclock 
ğŸ‘ ğŸ¿, thumbsdowndarkskintone 
ğŸ‘ ğŸ», thumbsdownlightskintone 
ğŸ‘ ğŸ¾, thumbsdownmediumdarkskintone 
ğŸ‘ ğŸ¼, thumbsdownmediumlightskintone 
ğŸ‘ ğŸ½, thumbsdownmediumskintone 
ğŸ‘ ğŸ¿, thumbsupdarkskintone 
ğŸ‘ ğŸ», thumbsuplightskintone 
ğŸ‘ ğŸ¾, thumbsupmediumdarkskintone 
ğŸ‘ ğŸ¼, thumbsupmediumlightskintone 
ğŸ‘ ğŸ½, thumbsupmediumskintone 
ğŸ‘, thumbsdown 
ğŸ‘, thumbsup 
ğŸ«, ticket 
ğŸ…, tiger 
ğŸ¯, tigerface 
â², timerclock 
ğŸ˜«, tiredface 
ğŸš½, toilet 
ğŸ…, tomato 
ğŸ‘…, tongue 
ğŸ©, tophat 
ğŸŒª, tornado 
ğŸ–², trackball 
ğŸšœ, tractor 
ğŸš†, train 
ğŸšŠ, tram 
ğŸš‹, tramcar 
ğŸš©, triangularflag 
ğŸ“, triangularruler 
ğŸ”±, tridentemblem 
ğŸš, trolleybus 
ğŸ†, trophy 
ğŸ¹, tropicaldrink 
ğŸ , tropicalfish 
ğŸº, trumpet 
ğŸŒ·, tulip 
ğŸ¥ƒ, tumblerglass 
ğŸ¦ƒ, turkey 
ğŸ¢, turtle 
ğŸ•§, twelvethirty 
ğŸ•›, twelveoclock 
ğŸ«, twohumpcamel 
ğŸ•, twothirty 
ğŸ’•, twohearts 
ğŸ‘¬, twomenholdinghands 
ğŸ•‘, twooclock 
ğŸ‘­, twowomenholdinghands 
â˜‚, umbrella 
â›±, umbrellaonground 
â˜”, umbrellawithraindrops 
ğŸ˜’, unamusedface 
ğŸ¦„, unicornface 
ğŸ”“, unlocked 
â†•, updownarrow 
â†–, upleftarrow 
â†—, uprightarrow 
â¬†, uparrow 
ğŸ”¼, upbutton 
ğŸ™ƒ, upsidedownface 
ğŸš¦, verticaltrafficlight 
ğŸ“³, vibrationmode 
âœŒ ğŸ¿, victoryhanddarkskintone 
âœŒ ğŸ», victoryhandlightskintone 
âœŒ ğŸ¾, victoryhandmediumdarkskintone 
âœŒ ğŸ¼, victoryhandmediumlightskintone 
âœŒ ğŸ½, victoryhandmediumskintone 
âœŒ, victoryhand 
ğŸ“¹, videocamera 
ğŸ®, videogame 
ğŸ“¼, videocassette 
ğŸ», violin 
ğŸŒ‹, volcano 
ğŸ, volleyball 
ğŸ–– ğŸ¿, vulcansalutedarkskintone 
ğŸ–– ğŸ», vulcansalutelightskintone 
ğŸ–– ğŸ¾, vulcansalutemediumdarkskintone 
ğŸ–– ğŸ¼, vulcansalutemediumlightskintone 
ğŸ–– ğŸ½, vulcansalutemediumskintone 
ğŸ––, vulcansalute 
ğŸŒ˜, waningcrescentmoon 
ğŸŒ–, waninggibbousmoon 
âš , warning 
ğŸ—‘, wastebasket 
âŒš, watch 
ğŸƒ, waterbuffalo 
ğŸš¾, watercloset 
ğŸŒŠ, waterwave 
ğŸ‰, watermelon 
ğŸ‘‹ ğŸ¿, wavinghanddarkskintone 
ğŸ‘‹ ğŸ», wavinghandlightskintone 
ğŸ‘‹ ğŸ¾, wavinghandmediumdarkskintone 
ğŸ‘‹ ğŸ¼, wavinghandmediumlightskintone 
ğŸ‘‹ ğŸ½, wavinghandmediumskintone 
ğŸ‘‹, wavinghand 
ã€°, wavydash 
ğŸŒ’, waxingcrescentmoon 
ğŸŒ”, waxinggibbousmoon 
ğŸ™€, wearycatface 
ğŸ˜©, wearyface 
ğŸ’’, wedding 
ğŸ‹, whale 
â˜¸, wheelofdharma 
â™¿, wheelchairsymbol 
âšª, whitecircle 
â•, whiteexclamationmark 
ğŸ³, whiteflag 
ğŸ’®, whiteflower 
âœ…, whiteheavycheckmark 
â¬œ, whitelargesquare 
â—½, whitemediumsmallsquare 
â—», whitemediumsquare 
â­, whitemediumstar 
â”, whitequestionmark 
â–«, whitesmallsquare 
ğŸ”³, whitesquarebutton 
ğŸ¥€, wiltedflower 
ğŸ, windchime 
ğŸŒ¬, windface 
ğŸ·, wineglass 
ğŸ˜‰, winkingface 
ğŸº, wolfface 
ğŸšº, womensroom 
ğŸ—º, worldmap 
ğŸ˜Ÿ, worriedface 
ğŸ, wrappedgift 
ğŸ”§, wrench 
âœ ğŸ¿, writinghanddarkskintone 
âœ ğŸ», writinghandlightskintone 
âœ ğŸ¾, writinghandmediumdarkskintone 
âœ ğŸ¼, writinghandmediumlightskintone 
âœ ğŸ½, writinghandmediumskintone 
âœ, writinghand 
ğŸ’›, yellowheart 
ğŸ’´, yenbanknote 
â˜¯, yinyang 
ğŸ¤, zippermouthface 
ğŸ’¤, zzz 
ğŸ‡¦ ğŸ‡½, alandislands 
ğŸ¿, darkskintone 
ğŸ», lightskintone 
ğŸ¾, mediumdarkskintone 
ğŸ¼, mediumlightskintone 
ğŸ½, mediumskintone 
â™‚, malesign 
â™€, femalesign 
ğŸ¤©, starstruck 
ğŸ¥², smilingfacewithtear 
ğŸ¥°, smilingfacewithhearts 
ğŸ¤ª, zanyface 
ğŸ¤­, facewithhandovermouth 
ğŸ¤«, shushingface 
ğŸ¤¨, facewithraisedeyebrow 
ğŸ¤®, facevomiting 
ğŸ¥µ, hotface 
ğŸ¥¶, coldface 
ğŸ¥´, woozyface 
ğŸ¤¯, explodinghead 
ğŸ¥³, partyingface 
ğŸ¥±, yawningface 
ğŸ¤¬, angryfacesymbolshead 
ğŸª™, coinsymbol 
